Station ID;OPC;EVSE ID;Connector Type;Charging Mode;Voltage (V);Max Current (A);Calculated Power (W);Claimed Power (W);Power Difference (W)
GLP-OVR-00024;GLP;PT*GLP*EOVR*00024*01;iec62196T2COMBO;mode4DC;1000.0;250.0;250000.0;350000.0;-100000.0
GLP-OVR-00024;GLP;PT*GLP*EOVR*00024*02;iec62196T2COMBO;mode4DC;1000.0;250.0;250000.0;350000.0;-100000.0
GLP-OVR-00024;GLP;PT*GLP*EOVR*00024*03;iec62196T2COMBO;mode4DC;1000.0;250.0;250000.0;350000.0;-100000.0
GLP-OVR-00024;GLP;PT*GLP*EOVR*00024*04;iec62196T2COMBO;mode4DC;1000.0;250.0;250000.0;350000.0;-100000.0
GLP-OVR-00025;GLP;PT*GLP*EOVR*00025*01;iec62196T2COMBO;mode4DC;1000.0;250.0;250000.0;350000.0;-100000.0
GLP-OVR-00025;GLP;PT*GLP*EOVR*00025*02;iec62196T2COMBO;mode4DC;1000.0;250.0;250000.0;350000.0;-100000.0
GLP-OVR-00025;GLP;PT*GLP*EOVR*00025*03;iec62196T2COMBO;mode4DC;1000.0;250.0;250000.0;350000.0;-100000.0
GLP-OVR-00025;GLP;PT*GLP*EOVR*00025*04;iec62196T2COMBO;mode4DC;1000.0;250.0;250000.0;350000.0;-100000.0
GLP-OVR-00026;GLP;PT*GLP*EOVR*00026*01;iec62196T2COMBO;mode4DC;1000.0;250.0;250000.0;350000.0;-100000.0
GLP-OVR-00026;GLP;PT*GLP*EOVR*00026*02;iec62196T2COMBO;mode4DC;1000.0;250.0;250000.0;350000.0;-100000.0
GLP-OVR-00026;GLP;PT*GLP*EOVR*00026*03;iec62196T2COMBO;mode4DC;1000.0;250.0;250000.0;350000.0;-100000.0
GLP-OVR-00026;GLP;PT*GLP*EOVR*00026*04;iec62196T2COMBO;mode4DC;1000.0;250.0;250000.0;350000.0;-100000.0
GLP-LSB-00467;GLP;PT*GLP*ELSB*00467*01;iec62196T2COMBO;mode4DC;500.0;195.0;97500.0;180000.0;-82500.0
REP-ARC-00010;REP;PT*REP*E17558*1;iec62196T2COMBO;mode4DC;400.0;125.0;50000.0;120000.0;-70000.0
REP-MTJ-00127;REP;PT*REP*E17564*1;iec62196T2COMBO;mode4DC;400.0;125.0;50000.0;120000.0;-70000.0
REP-PRT-00307;REP;PT*REP*E*PRT*00307*01;iec62196T2COMBO;mode4DC;400.0;215.0;86000.0;150000.0;-64000.0
REP-PRT-00307;REP;PT*REP*E*PRT*00307*02;iec62196T2COMBO;mode4DC;400.0;215.0;86000.0;150000.0;-64000.0
GLG-AVR-00040;GLG;PT*GLG*EAVR*00040*01;iec62196T2COMBO;mode4DC;500.0;120.0;60000.0;120000.0;-60000.0
GLG-VCT-00029;GLG;PT*GLG*EVCT*00029*01;iec62196T2COMBO;mode4DC;500.0;120.0;60000.0;120000.0;-60000.0
GLG-VCT-00030;GLG;PT*GLG*EVCT*00030*01;iec62196T2COMBO;mode4DC;500.0;120.0;60000.0;120000.0;-60000.0
GLP-TVD-00028;GLP;PT*GLP*ETVD*00028*02;iec62196T2COMBO;mode4DC;500.0;120.0;60000.0;120000.0;-60000.0
GLP-TVD-00029;GLP;PT*GLP*ETVD*00029*02;iec62196T2COMBO;mode4DC;500.0;120.0;60000.0;120000.0;-60000.0
GLP-TVD-00030;GLP;PT*GLP*ETVD*00030*02;iec62196T2COMBO;mode4DC;500.0;120.0;60000.0;120000.0;-60000.0
HRZ-ODV-00018;HRZ;PT*HRZ*E*ODV*00018*04;iec62196T2COMBO;mode4DC;500.0;200.0;100000.0;160000.0;-60000.0
TRK-STC-00012;TRK;PT*TRK*E*STC*00012*01;iec62196T2COMBO;mode4DC;400.0;230.0;92000.0;150000.0;-58000.0
TRK-STC-00012;TRK;PT*TRK*E*STC*00012*02;iec62196T2COMBO;mode4DC;400.0;230.0;92000.0;150000.0;-58000.0
GLP-LLE-00204;GLP;PT*GLP*ELLE*00204*01;iec62196T2COMBO;mode4DC;500.0;125.0;62500.0;120000.0;-57500.0
GLP-LLE-00207;GLP;PT*GLP*ELLE*00207*01;iec62196T2COMBO;mode4DC;500.0;125.0;62500.0;120000.0;-57500.0
GLP-LLE-00208;GLP;PT*GLP*ELLE*00208*01;iec62196T2COMBO;mode4DC;500.0;125.0;62500.0;120000.0;-57500.0
GLP-LLE-00209;GLP;PT*GLP*ELLE*00209*01;iec62196T2COMBO;mode4DC;500.0;125.0;62500.0;120000.0;-57500.0
GLP-LLE-00210;GLP;PT*GLP*ELLE*00210*01;iec62196T2COMBO;mode4DC;500.0;125.0;62500.0;120000.0;-57500.0
GLP-LLE-00211;GLP;PT*GLP*ELLE*00211*01;iec62196T2COMBO;mode4DC;500.0;125.0;62500.0;120000.0;-57500.0
MOO-PRT-00160;MOO;PT*MOO*E*PRT*00160*01;iec62196T2COMBO;mode4DC;500.0;250.0;125000.0;180000.0;-55000.0
MOT-CBC-00019;MOT;PT*MOT*E*CBC*00019*01;iec62196T2COMBO;mode4DC;400.0;320.0;128000.0;180000.0;-52000.0
MOT-CBC-00019;MOT;PT*MOT*E*CBC*00019*02;iec62196T2COMBO;mode4DC;400.0;320.0;128000.0;180000.0;-52000.0
MAK-LSB-01183;MAK;PT*MAK*E*LSB*01183*01;iec62196T2COMBO;mode4DC;400.0;173.0;69200.0;120000.0;-50800.0
MAK-LSB-01183;MAK;PT*MAK*E*LSB*01183*02;iec62196T2COMBO;mode4DC;400.0;173.0;69200.0;120000.0;-50800.0
MAK-LSB-01336;MAK;PT*MAK*E*LSB*01336*01;iec62196T2COMBO;mode4DC;400.0;173.0;69200.0;120000.0;-50800.0
MAK-LSB-01336;MAK;PT*MAK*E*LSB*01336*02;iec62196T2COMBO;mode4DC;400.0;173.0;69200.0;120000.0;-50800.0
HRZ-CTB-00027;HRZ;PT*HRZ*E*CTB*00027*04;iec62196T2COMBO;mode4DC;500.0;300.0;150000.0;200000.0;-50000.0
HRZ-CTB-00027;HRZ;PT*HRZ*E*CTB*00027*05;iec62196T2COMBO;mode4DC;500.0;300.0;150000.0;200000.0;-50000.0
HRZ-ODV-00018;HRZ;PT*HRZ*E*ODV*00018*01;iec62196T2COMBO;mode4DC;500.0;300.0;150000.0;200000.0;-50000.0
HRZ-ODV-00018;HRZ;PT*HRZ*E*ODV*00018*02;iec62196T2COMBO;mode4DC;500.0;300.0;150000.0;200000.0;-50000.0
HRZ-STC-00009;HRZ;PT*HRZ*E*STC*00009*03;iec62196T2COMBO;mode4DC;500.0;200.0;100000.0;150000.0;-50000.0
HRZ-STC-00009;HRZ;PT*HRZ*E*STC*00009*04;iec62196T2COMBO;mode4DC;500.0;200.0;100000.0;150000.0;-50000.0
HRZ-VLG-00024;HRZ;PT*HRZ*E*VLG*00024*03;iec62196T2COMBO;mode4DC;500.0;200.0;100000.0;150000.0;-50000.0
HRZ-VLG-00024;HRZ;PT*HRZ*E*VLG*00024*04;iec62196T2COMBO;mode4DC;500.0;200.0;100000.0;150000.0;-50000.0
HRZ-VLG-00024;HRZ;PT*HRZ*E*VLG*00024*05;iec62196T2COMBO;mode4DC;500.0;200.0;100000.0;150000.0;-50000.0
HRZ-VRL-00015;HRZ;PT*HRZ*E*VRL*00015*01;iec62196T2COMBO;mode4DC;500.0;200.0;100000.0;150000.0;-50000.0
HRZ-VRL-00015;HRZ;PT*HRZ*E*VRL*00015*02;iec62196T2COMBO;mode4DC;500.0;200.0;100000.0;150000.0;-50000.0
MOO-EVR-00022;MOO;PT*MOO*E*EVR*00022*01;iec62196T2COMBO;mode4DC;500.0;500.0;250000.0;300000.0;-50000.0
MOO-EVR-00022;MOO;PT*MOO*E*EVR*00022*02;iec62196T2COMBO;mode4DC;500.0;500.0;250000.0;300000.0;-50000.0
REP-LLE-00253;REP;PT*REP*E17566*1;iec62196T2COMBO;mode4DC;400.0;250.0;100000.0;150000.0;-50000.0
GLP-VFX-00072;GLP;PT*GLP*EVFX*00072*01;iec62196T2COMBO;mode4DC;500.0;90.0;45000.0;90000.0;-45000.0
LUZ-LGA-00047;LUZ;PT*LUZ*E*LGA*00047*01;iec62196T2COMBO;mode4DC;400.0;190.0;76000.0;120000.0;-44000.0
LUZ-LGA-00047;LUZ;PT*LUZ*E*LGA*00047*02;iec62196T2COMBO;mode4DC;400.0;190.0;76000.0;120000.0;-44000.0
PRI-SSB-00010;PRI;PT*PRI*E*SSB*00010*01;iec62196T2COMBO;mode4DC;500.0;12.0;6000.0;50000.0;-44000.0
REP-CVL-00057;REP;PT*REP*E17693*1;iec62196T2COMBO;mode4DC;400.0;200.0;80000.0;120000.0;-40000.0
REP-CVL-00057;REP;PT*REP*E17693*2;iec62196T2COMBO;mode4DC;400.0;200.0;80000.0;120000.0;-40000.0
HRZ-LRA-00075;HRZ;PT*HRZ*E*LRA*00075*04;iec62196T2COMBO;mode4DC;500.0;125.0;62500.0;100000.0;-37500.0
HRZ-LSB-00491;HRZ;PT*HRZ*E*LSB*00491*02;iec62196T2COMBO;mode4DC;500.0;125.0;62500.0;100000.0;-37500.0
VEI-EPS-00005;VEI;PT*VEI*E*EPS*00005*01;chademo;mode4DC;400.0;63.0;25200.0;60000.0;-34800.0
VEI-EPS-00005;VEI;PT*VEI*E*EPS*00005*02;iec62196T2COMBO;mode4DC;400.0;63.0;25200.0;60000.0;-34800.0
VEI-PRT-00211;VEI;PT*VEI*E*PRT*00211*01;chademo;mode4DC;400.0;63.0;25200.0;60000.0;-34800.0
VEI-PRT-00211;VEI;PT*VEI*E*PRT*00211*02;iec62196T2COMBO;mode4DC;400.0;63.0;25200.0;60000.0;-34800.0
VEI-VCD-00040;VEI;PT*VEI*E*VCD*00040*01;chademo;mode4DC;400.0;63.0;25200.0;60000.0;-34800.0
VEI-VCD-00040;VEI;PT*VEI*E*VCD*00040*02;iec62196T2COMBO;mode4DC;400.0;63.0;25200.0;60000.0;-34800.0
HRZ-ACB-00010;HRZ;PT*HRZ*E*ACB*00010*04;iec62196T2COMBO;mode4DC;500.0;300.0;150000.0;180000.0;-30000.0
HRZ-ACB-00010;HRZ;PT*HRZ*E*ACB*00010*05;iec62196T2COMBO;mode4DC;500.0;300.0;150000.0;180000.0;-30000.0
HRZ-ALM-00060;HRZ;PT*HRZ*E*ALM*00060*01;iec62196T2COMBO;mode4DC;500.0;300.0;150000.0;180000.0;-30000.0
HRZ-ALM-00060;HRZ;PT*HRZ*E*ALM*00060*02;iec62196T2COMBO;mode4DC;500.0;300.0;150000.0;180000.0;-30000.0
HRZ-ALM-00061;HRZ;PT*HRZ*E*ALM*00061*01;iec62196T2COMBO;mode4DC;500.0;300.0;150000.0;180000.0;-30000.0
HRZ-ALM-00061;HRZ;PT*HRZ*E*ALM*00061*02;iec62196T2COMBO;mode4DC;500.0;300.0;150000.0;180000.0;-30000.0
REP-CTB-00074;REP;PT*REP*E18174*3;chademo;mode4DC;400.0;50.0;20000.0;50000.0;-30000.0
EDP-LSB-00316;EDP;PT*EDP*ELSB*00316*3;iec62196T2;mode2AC1p;400.0;63.0;15100.0;43000.0;-27900.0
EDP-OVR-00005;EDP;PT*EDP*EOVR*00005*3;iec62196T2;mode2AC1p;400.0;63.0;15100.0;43000.0;-27900.0
EDP-PNL-00002;EDP;PT*EDP*EPNL*00002*3;iec62196T2;mode2AC1p;400.0;63.0;15100.0;43000.0;-27900.0
EDP-PRT-00074;EDP;PT*EDP*EPRT*00074*3;iec62196T2;mode2AC1p;400.0;63.0;15100.0;43000.0;-27900.0
EDP-PRT-00075;EDP;PT*EDP*EPRT*00075*3;iec62196T2;mode2AC1p;400.0;63.0;15100.0;43000.0;-27900.0
EDP-PRT-00076;EDP;PT*EDP*EPRT*00076*3;iec62196T2;mode2AC1p;400.0;63.0;15100.0;43000.0;-27900.0
EDP-PRT-00077;EDP;PT*EDP*EPRT*00077*3;iec62196T2;mode2AC1p;400.0;63.0;15100.0;43000.0;-27900.0
EDP-PRT-00078;EDP;PT*EDP*EPRT*00078*3;iec62196T2;mode2AC1p;400.0;63.0;15100.0;43000.0;-27900.0
EDP-PRT-00079;EDP;PT*EDP*EPRT*00079*3;iec62196T2;mode2AC1p;400.0;63.0;15100.0;43000.0;-27900.0
EDP-PRT-00084;EDP;PT*EDP*EPRT*00084*3;iec62196T2;mode2AC1p;400.0;63.0;15100.0;43000.0;-27900.0
EDP-PRT-00089;EDP;PT*EDP*EPRT*00089*3;iec62196T2;mode2AC1p;400.0;63.0;15100.0;43000.0;-27900.0
EDP-PRT-00090;EDP;PT*EDP*EPRT*00090*3;iec62196T2;mode2AC1p;400.0;63.0;15100.0;43000.0;-27900.0
GLP-CSC-00413;GLP;PT*GLP*ECSC*00413*03;iec62196T2;mode2AC1p;400.0;63.0;15100.0;43000.0;-27900.0
REP-AMD-00121;REP;PT*REP*E18099*1;iec62196T2;mode2AC1p;230.0;63.0;15100.0;43000.0;-27900.0
REP-AMD-00122;REP;PT*REP*E18100*1;iec62196T2;mode2AC1p;230.0;63.0;15100.0;43000.0;-27900.0
REP-BRG-00170;REP;PT*REP*E18106*1;iec62196T2;mode2AC1p;230.0;63.0;15100.0;43000.0;-27900.0
REP-CTB-00074;REP;PT*REP*E18174*1;iec62196T2;mode2AC1p;230.0;63.0;15100.0;43000.0;-27900.0
REP-CTB-00076;REP;PT*REP*E18175*1;iec62196T2;mode2AC1p;230.0;63.0;15100.0;43000.0;-27900.0
REP-MTS-00201;REP;PT*REP*E18264*1;iec62196T2;mode2AC1p;230.0;63.0;15100.0;43000.0;-27900.0
REP-PTL-00041;REP;PT*REP*E18191*1;iec62196T2;mode2AC1p;230.0;63.0;15100.0;43000.0;-27900.0
REP-PTL-00042;REP;PT*REP*E18192*1;iec62196T2;mode2AC1p;230.0;63.0;15100.0;43000.0;-27900.0
REP-VCT-00076;REP;PT*REP*E18378*1;iec62196T2;mode2AC1p;230.0;63.0;15100.0;43000.0;-27900.0
REP-VCT-00077;REP;PT*REP*E18379*1;iec62196T2;mode2AC1p;230.0;63.0;15100.0;43000.0;-27900.0
HRZ-VLG-00024;HRZ;PT*HRZ*E*VLG*00024*06;iec62196T2COMBO;mode4DC;500.0;250.0;125000.0;150000.0;-25000.0
MOO-MOBI-PRT-00089;MOO;PT*MOO*E*MOBI*PRT*00089*01;iec62196T2COMBO;mode4DC;400.0;125.0;50000.0;75000.0;-25000.0
MOO-MOBI-PRT-00089;MOO;PT*MOO*E*MOBI*PRT*00089*02;chademo;mode4DC;400.0;125.0;50000.0;75000.0;-25000.0
NRG-GRD-00021;NRG;PT*NRG*E*GRD*00021*02;chademo;mode4DC;500.0;150.0;75000.0;100000.0;-25000.0
VEI-VND-00005;VEI;PT*VEI*E*VND*00005*01;iec62196T2COMBO;mode4DC;400.0;63.0;25200.0;50000.0;-24800.0
VEI-VND-00005;VEI;PT*VEI*E*VND*00005*02;chademo;mode4DC;400.0;63.0;25200.0;50000.0;-24800.0
HLX-TVD-00089;HLX;PT*HLX*E*TVD*00089*02;iec62196T2COMBO;mode4DC;240.0;150.0;36000.0;60000.0;-24000.0
TRK-PCV-00005;TRK;PT*TRK*E*PCV*00005*01;iec62196T2COMBO;mode4DC;400.0;91.0;36400.0;60000.0;-23600.0
TRK-PCV-00005;TRK;PT*TRK*E*PCV*00005*01;chademo;mode4DC;400.0;91.0;36400.0;60000.0;-23600.0
TRK-VNT-00006;TRK;PT*TRK*E*VNT*00006*01;iec62196T2COMBO;mode4DC;400.0;91.0;36400.0;60000.0;-23600.0
TRK-VNT-00006;TRK;PT*TRK*E*VNT*00006*02;iec62196T2COMBO;mode4DC;400.0;91.0;36400.0;60000.0;-23600.0
REM-CNF-00009;REM;PT*REM*E*CNF*00009*01;iec62196T2COMBO;mode4DC;400.0;93.0;37200.0;60000.0;-22800.0
REM-CNF-00009;REM;PT*REM*E*CNF*00009*02;iec62196T2COMBO;mode4DC;400.0;93.0;37200.0;60000.0;-22800.0
REP-VFX-00024;REP;PT*REP*E*VFX*00024*03;iec62196T2;mode3AC3p;230.0;32.0;23000.0;45000.0;-22000.0
TRK-CSC-00339;TRK;PT*TRK*E*CSC*00339*01;iec62196T2COMBO;mode4DC;400.0;320.0;128000.0;150000.0;-22000.0
TRK-CSC-00339;TRK;PT*TRK*E*CSC*00339*02;iec62196T2COMBO;mode4DC;400.0;320.0;128000.0;150000.0;-22000.0
TRK-OFR-00008;TRK;PT*TRK*E*OFR*00008*01;iec62196T2COMBO;mode4DC;400.0;320.0;128000.0;150000.0;-22000.0
TRK-OFR-00008;TRK;PT*TRK*E*OFR*00008*02;iec62196T2COMBO;mode4DC;400.0;320.0;128000.0;150000.0;-22000.0
TRK-PCV-00006;TRK;PT*TRK*E*PCV*00006*01;iec62196T2COMBO;mode4DC;400.0;320.0;128000.0;150000.0;-22000.0
TRK-PCV-00006;TRK;PT*TRK*E*PCV*00006*02;iec62196T2COMBO;mode4DC;400.0;320.0;128000.0;150000.0;-22000.0
GLG-AVR-00039;GLG;PT*GLG*EAVR*00039*01;iec62196T2COMBO;mode4DC;500.0;200.0;100000.0;120000.0;-20000.0
GLG-BRG-00080;GLG;PT*GLG*EBRG*00080*01;iec62196T2COMBO;mode4DC;500.0;200.0;100000.0;120000.0;-20000.0
GLG-VLG-00017;GLG;PT*GLG*EVLG*00017*01;iec62196T2COMBO;mode4DC;500.0;200.0;100000.0;120000.0;-20000.0
GLG-VNG-00082;GLG;PT*GLG*EVNG*00082*01;iec62196T2COMBO;mode4DC;500.0;200.0;100000.0;120000.0;-20000.0
GLP-ABF-00061;GLP;PT*GLP*EABF*00061*02;iec62196T2COMBO;mode4DC;500.0;200.0;100000.0;120000.0;-20000.0
GLP-PRT-00098;GLP;PT*GLP*EPRT*00098*03;iec62196T2;mode3AC3p;400.0;32.0;23000.0;43000.0;-20000.0
GLP-PRT-00099;GLP;PT*GLP*EPRT*00099*03;iec62196T2;mode3AC3p;400.0;32.0;23000.0;43000.0;-20000.0
GLP-VFR-00075;GLP;PT*GLP*EVFR*00075*03;iec62196T2;mode3AC3p;400.0;32.0;23000.0;43000.0;-20000.0
GLP-VNG-00162;GLP;PT*GLP*EVNG*00162*01;iec62196T2COMBO;mode4DC;500.0;200.0;100000.0;120000.0;-20000.0
PLG-TMR-00007;PLG;PT*PLG*E*TMR*00007*01;iec62196T2COMBO;mode4DC;500.0;60.0;30000.0;50000.0;-20000.0
REP-LOU-00010;REP;PT*REP*E16751*3;iec62196T2;mode3AC3p;230.0;32.0;23000.0;43000.0;-20000.0
REP-MTS-00182;REP;PT*REP*E16723*3;chademo;mode3AC3p;230.0;32.0;23000.0;43000.0;-20000.0
REP-ODM-00005;REP;PT*REP*E*ODM*00005*03;iec62196T2;mode3AC3p;230.0;32.0;23000.0;43000.0;-20000.0
REP-PRD-00046;REP;PT*REP*E18313*1;iec62196T2COMBO;mode4DC;400.0;250.0;100000.0;120000.0;-20000.0
REP-PRD-00046;REP;PT*REP*E18313*2;iec62196T2COMBO;mode4DC;400.0;250.0;100000.0;120000.0;-20000.0
REP-PRT-00333;REP;PT*REP*E*PRT*00333*02;iec62196T2COMBO;mode4DC;400.0;250.0;100000.0;120000.0;-20000.0
REP-VNG-00101;REP;PT*REP*E*VNG*00101*03;iec62196T2;mode3AC3p;230.0;32.0;23000.0;43000.0;-20000.0
LCG-LLE-00058;LCG;PT*LCG*E*LLE*00058*01;chademo;mode4DC;500.0;63.0;31500.0;50000.0;-18500.0
LCG-LLE-00058;LCG;PT*LCG*E*LLE*00058*02;iec62196T2COMBO;mode4DC;500.0;63.0;31500.0;50000.0;-18500.0
VEI-MMN-00004;VEI;PT*VEI*E*MMN*00004*01;iec62196T2COMBO;mode4DC;500.0;63.0;31500.0;50000.0;-18500.0
VEI-MMN-00004;VEI;PT*VEI*E*MMN*00004*02;chademo;mode4DC;500.0;63.0;31500.0;50000.0;-18500.0
HRZ-CSC-00103;HRZ;PT*HRZ*E*CSC*00103*06;iec62196T2COMBO;mode4DC;500.0;125.0;62500.0;80000.0;-17500.0
VIS-VIS-00021;VIS;PT*VIS*E*VIS*00021*01;chademo;mode4DC;500.0;87.0;43500.0;60000.0;-16500.0
VIS-VIS-00021;VIS;PT*VIS*E*VIS*00021*02;iec62196T2COMBO;mode4DC;500.0;87.0;43500.0;60000.0;-16500.0
VIS-VIS-00022;VIS;PT*VIS*E*VIS*00022*01;chademo;mode4DC;500.0;87.0;43500.0;60000.0;-16500.0
VIS-VIS-00022;VIS;PT*VIS*E*VIS*00022*02;iec62196T2COMBO;mode4DC;500.0;87.0;43500.0;60000.0;-16500.0
EDP-BRG-00143;EDP;PT*EDP*EBRG*00143*3;iec62196T2;mode2AC1p;400.0;32.0;7700.0;22000.0;-14300.0
EDP-ETZ-90001;EDP;PT*EDP*E*ETZ*90001*01;iec62196T2;mode2AC1p;240.0;32.0;7700.0;22000.0;-14300.0
EDP-PNF-00063;EDP;PT*EDP*EPNF*00063*3;iec62196T2;mode2AC1p;400.0;32.0;7700.0;22000.0;-14300.0
GLP-ALM-00100;GLP;PT*GLP*EALM*00100*01;iec62196T2;mode2AC1p;400.0;32.0;7700.0;22000.0;-14300.0
GLP-ALM-00101;GLP;PT*GLP*EALM*00101*01;iec62196T2;mode2AC1p;400.0;32.0;7700.0;22000.0;-14300.0
GLP-AMD-00109;GLP;PT*GLP*EAMD*00109*01;iec62196T2;mode2AC1p;500.0;32.0;7700.0;22000.0;-14300.0
GLP-AVR-00093;GLP;PT*GLP*EAVR*00093*01;iec62196T2;mode2AC1p;400.0;32.0;7700.0;22000.0;-14300.0
GLP-BRG-00139;GLP;PT*GLP*EBRG*00139*01;iec62196T2;mode2AC1p;500.0;32.0;7700.0;22000.0;-14300.0
GLP-BRG-00140;GLP;PT*GLP*EBRG*00140*01;iec62196T2;mode2AC1p;400.0;32.0;7700.0;22000.0;-14300.0
GLP-BRR-00152;GLP;PT*GLP*EBRR*00152*01;iec62196T2;mode2AC1p;400.0;32.0;7700.0;22000.0;-14300.0
GLP-BRR-00154;GLP;PT*GLP*EBRR*00154*01;iec62196T2;mode2AC1p;500.0;32.0;7700.0;22000.0;-14300.0
GLP-CLD-00039;GLP;PT*GLP*ECLD*00039*01;iec62196T2;mode2AC1p;400.0;32.0;7700.0;22000.0;-14300.0
GLP-CLD-00040;GLP;PT*GLP*ECLD*00040*01;iec62196T2;mode2AC1p;500.0;32.0;7700.0;22000.0;-14300.0
GLP-CSC-00411;GLP;PT*GLP*ECSC*00411*01;iec62196T2;mode2AC1p;400.0;32.0;7700.0;22000.0;-14300.0
GLP-CSC-00415;GLP;PT*GLP*ECSC*00415*01;iec62196T2;mode2AC1p;400.0;32.0;7700.0;22000.0;-14300.0
GLP-CSC-00416;GLP;PT*GLP*ECSC*00416*01;iec62196T2;mode2AC1p;400.0;32.0;7700.0;22000.0;-14300.0
GLP-CSC-00417;GLP;PT*GLP*ECSC*00417*01;iec62196T2;mode2AC1p;400.0;32.0;7700.0;22000.0;-14300.0
GLP-CTB-00060;GLP;PT*GLP*ECTB*00060*01;iec62196T2;mode2AC1p;500.0;32.0;7700.0;22000.0;-14300.0
GLP-CVL-00048;GLP;PT*GLP*ECVL*00048*01;iec62196T2;mode2AC1p;400.0;32.0;7700.0;22000.0;-14300.0
GLP-CVR-00008;GLP;PT*GLP*ECVR*00008*01;iec62196T2;mode2AC1p;500.0;32.0;7700.0;22000.0;-14300.0
GLP-CVR-00009;GLP;PT*GLP*ECVR*00009*01;iec62196T2;mode2AC1p;500.0;32.0;7700.0;22000.0;-14300.0
GLP-EVR-80003;GLP;PT*GLP*EEVR*80003*01;iec62196T2;mode2AC1p;400.0;32.0;7700.0;22000.0;-14300.0
GLP-EVR-80003;GLP;PT*GLP*EEVR*80003*02;iec62196T2;mode2AC1p;400.0;32.0;7700.0;22000.0;-14300.0
GLP-FLG-00026;GLP;PT*GLP*EFLG*00026*01;iec62196T2;mode2AC1p;400.0;32.0;7700.0;22000.0;-14300.0
GLP-FND-00028;GLP;PT*GLP*EFND*00028*01;iec62196T2;mode2AC1p;400.0;32.0;7700.0;22000.0;-14300.0
GLP-GDM-00060;GLP;PT*GLP*EGDM*00060*01;iec62196T2;mode2AC1p;400.0;32.0;7700.0;22000.0;-14300.0
GLP-GDM-00061;GLP;PT*GLP*EGDM*00061*01;iec62196T2;mode2AC1p;400.0;32.0;7700.0;22000.0;-14300.0
GLP-GMR-00149;GLP;PT*GLP*EGMR*00149*01;iec62196T2;mode2AC1p;500.0;32.0;7700.0;22000.0;-14300.0
GLP-LGS-00013;GLP;PT*GLP*ELGS*00013*02;iec62196T2;mode2AC1p;240.0;32.0;7700.0;22000.0;-14300.0
GLP-LGS-00014;GLP;PT*GLP*ELGS*00014*02;iec62196T2;mode2AC1p;240.0;32.0;7700.0;22000.0;-14300.0
GLP-LOU-00011;GLP;PT*GLP*ELOU*00011*01;iec62196T2;mode2AC1p;400.0;32.0;7700.0;22000.0;-14300.0
GLP-LRA-00156;GLP;PT*GLP*ELRA*00156*01;iec62196T2;mode2AC1p;400.0;32.0;7700.0;22000.0;-14300.0
GLP-LSA-00011;GLP;PT*GLP*ELSA*00011*01;iec62196T2;mode2AC1p;400.0;32.0;7700.0;22000.0;-14300.0
GLP-LSB-00976;GLP;PT*GLP*ELSB*00976*01;iec62196T2;mode2AC1p;400.0;32.0;7700.0;22000.0;-14300.0
GLP-MCD-00007;GLP;PT*GLP*EMCD*00007*01;iec62196T2;mode2AC1p;400.0;32.0;7700.0;22000.0;-14300.0
GLP-MCN-00020;GLP;PT*GLP*EMCN*00020*01;iec62196T2;mode2AC1p;500.0;32.0;7700.0;22000.0;-14300.0
GLP-MCV-00006;GLP;PT*GLP*EMCV*00006*01;iec62196T2;mode2AC1p;500.0;32.0;7700.0;22000.0;-14300.0
GLP-MFR-00048;GLP;PT*GLP*EMFR*00048*01;iec62196T2;mode2AC1p;400.0;32.0;7700.0;22000.0;-14300.0
GLP-MFR-00049;GLP;PT*GLP*EMFR*00049*01;iec62196T2;mode2AC1p;400.0;32.0;7700.0;22000.0;-14300.0
GLP-MFR-00050;GLP;PT*GLP*EMFR*00050*01;iec62196T2;mode2AC1p;400.0;32.0;7700.0;22000.0;-14300.0
GLP-MGL-00019;GLP;PT*GLP*EMGL*00019*01;iec62196T2;mode2AC1p;500.0;32.0;7700.0;22000.0;-14300.0
GLP-MMN-00016;GLP;PT*GLP*EMMN*00016*01;iec62196T2;mode2AC1p;400.0;32.0;7700.0;22000.0;-14300.0
GLP-MTL-00003;GLP;PT*GLP*EMTL*00003*01;iec62196T2;mode2AC1p;400.0;32.0;7700.0;22000.0;-14300.0
GLP-MTS-00186;GLP;PT*GLP*EMTS*00186*01;iec62196T2;mode2AC1p;400.0;32.0;7700.0;22000.0;-14300.0
GLP-MTS-00187;GLP;PT*GLP*EMTS*00187*01;iec62196T2;mode2AC1p;400.0;32.0;7700.0;22000.0;-14300.0
GLP-OAZ-00022;GLP;PT*GLP*EOAZ*00022*01;iec62196T2;mode2AC1p;500.0;32.0;7700.0;22000.0;-14300.0
GLP-ODV-00050;GLP;PT*GLP*EODV*00050*01;iec62196T2;mode2AC1p;400.0;32.0;7700.0;22000.0;-14300.0
GLP-OER-00256;GLP;PT*GLP*EOER*00256*01;iec62196T2;mode2AC1p;400.0;32.0;7700.0;22000.0;-14300.0
GLP-OHP-00022;GLP;PT*GLP*EOHP*00022*01;iec62196T2;mode2AC1p;500.0;32.0;7700.0;22000.0;-14300.0
GLP-PCV-00007;GLP;PT*GLP*EPCV*00007*01;iec62196T2;mode2AC1p;400.0;32.0;7700.0;22000.0;-14300.0
GLP-PFR-00023;GLP;PT*GLP*EPFR*00023*01;iec62196T2;mode2AC1p;500.0;32.0;7700.0;22000.0;-14300.0
GLP-PLM-00051;GLP;PT*GLP*EPLM*00051*01;iec62196T2;mode2AC1p;400.0;32.0;7700.0;22000.0;-14300.0
GLP-PRT-00313;GLP;PT*GLP*EPRT*00313*01;iec62196T2;mode2AC1p;400.0;32.0;7700.0;22000.0;-14300.0
GLP-PRT-00314;GLP;PT*GLP*EPRT*00314*01;iec62196T2;mode2AC1p;500.0;32.0;7700.0;22000.0;-14300.0
GLP-PVL-00007;GLP;PT*GLP*EPVL*00007*01;iec62196T2;mode2AC1p;400.0;32.0;7700.0;22000.0;-14300.0
GLP-RMR-00014;GLP;PT*GLP*ERMR*00014*01;iec62196T2;mode2AC1p;500.0;32.0;7700.0;22000.0;-14300.0
GLP-RMZ-00009;GLP;PT*GLP*ERMZ*00009*01;iec62196T2;mode2AC1p;400.0;32.0;7700.0;22000.0;-14300.0
GLP-SCD-00012;GLP;PT*GLP*ESCD*00012*01;iec62196T2;mode2AC1p;400.0;32.0;7700.0;22000.0;-14300.0
GLP-SJM-00050;GLP;PT*GLP*ESJM*00050*01;iec62196T2;mode2AC1p;500.0;32.0;7700.0;22000.0;-14300.0
GLP-SJM-00051;GLP;PT*GLP*ESJM*00051*01;iec62196T2;mode2AC1p;400.0;32.0;7700.0;22000.0;-14300.0
GLP-SNT-00192;GLP;PT*GLP*ESNT*00192*01;iec62196T2;mode2AC1p;400.0;32.0;7700.0;22000.0;-14300.0
GLP-SNT-00193;GLP;PT*GLP*ESNT*00193*01;iec62196T2;mode2AC1p;400.0;32.0;7700.0;22000.0;-14300.0
GLP-SNT-00194;GLP;PT*GLP*ESNT*00194*01;iec62196T2;mode2AC1p;400.0;32.0;7700.0;22000.0;-14300.0
GLP-SNT-00195;GLP;PT*GLP*ESNT*00195*01;iec62196T2;mode2AC1p;400.0;32.0;7700.0;22000.0;-14300.0
GLP-SNT-00198;GLP;PT*GLP*ESNT*00198*01;iec62196T2;mode2AC1p;400.0;32.0;7700.0;22000.0;-14300.0
GLP-SNT-00199;GLP;PT*GLP*ESNT*00199*01;iec62196T2;mode2AC1p;400.0;32.0;7700.0;22000.0;-14300.0
GLP-SSB-00020;GLP;PT*GLP*ESSB*00020*01;iec62196T2;mode2AC1p;400.0;32.0;7700.0;22000.0;-14300.0
GLP-SVV-00005;GLP;PT*GLP*ESVV*00005*01;iec62196T2;mode2AC1p;500.0;32.0;7700.0;22000.0;-14300.0
GLP-SXL-00070;GLP;PT*GLP*ESXL*00070*01;iec62196T2;mode2AC1p;400.0;32.0;7700.0;22000.0;-14300.0
GLP-SXL-00072;GLP;PT*GLP*ESXL*00072*01;iec62196T2;mode2AC1p;400.0;32.0;7700.0;22000.0;-14300.0
GLP-TBU-00009;GLP;PT*GLP*ETBU*00009*01;iec62196T2;mode2AC1p;500.0;32.0;7700.0;22000.0;-14300.0
GLP-TND-00013;GLP;PT*GLP*ETND*00013*01;iec62196T2;mode2AC1p;500.0;32.0;7700.0;22000.0;-14300.0
GLP-VCT-00066;GLP;PT*GLP*EVCT*00066*01;iec62196T2;mode2AC1p;400.0;32.0;7700.0;22000.0;-14300.0
GLP-VFR-00097;GLP;PT*GLP*EVFR*00097*01;iec62196T2;mode2AC1p;400.0;32.0;7700.0;22000.0;-14300.0
GLP-VFX-00098;GLP;PT*GLP*EVFX*00098*01;iec62196T2;mode2AC1p;400.0;32.0;7700.0;22000.0;-14300.0
GLP-VIZ-00015;GLP;PT*GLP*EVIZ*00015*01;iec62196T2;mode2AC1p;400.0;32.0;7700.0;22000.0;-14300.0
GLP-VLC-00014;GLP;PT*GLP*EVLC*00014*01;iec62196T2;mode2AC1p;500.0;32.0;7700.0;22000.0;-14300.0
GLP-VLG-00051;GLP;PT*GLP*EVLG*00051*01;iec62196T2;mode2AC1p;400.0;32.0;7700.0;22000.0;-14300.0
GLP-VLG-00053;GLP;PT*GLP*EVLG*00053*01;iec62196T2;mode2AC1p;400.0;32.0;7700.0;22000.0;-14300.0
GLP-VNF-00056;GLP;PT*GLP*EVNF*00056*01;iec62196T2;mode2AC1p;400.0;32.0;7700.0;22000.0;-14300.0
GLP-VNG-00197;GLP;PT*GLP*EVNG*00197*01;iec62196T2;mode2AC1p;400.0;32.0;7700.0;22000.0;-14300.0
GLP-VNG-00198;GLP;PT*GLP*EVNG*00198*01;iec62196T2;mode2AC1p;400.0;32.0;7700.0;22000.0;-14300.0
GLP-VNG-00200;GLP;PT*GLP*EVNG*00200*01;iec62196T2;mode2AC1p;400.0;32.0;7700.0;22000.0;-14300.0
GLP-VNG-00201;GLP;PT*GLP*EVNG*00201*01;iec62196T2;mode2AC1p;400.0;32.0;7700.0;22000.0;-14300.0
GLP-VRM-00007;GLP;PT*GLP*EVRM*00007*01;iec62196T2;mode2AC1p;400.0;32.0;7700.0;22000.0;-14300.0
GLP-VVD-00023;GLP;PT*GLP*EVVD*00023*01;iec62196T2;mode2AC1p;500.0;32.0;7700.0;22000.0;-14300.0
HRZ-ALM-00062;HRZ;PT*HRZ*E*ALM*00062*01;iec62196T2;mode2AC1p;240.0;32.0;7700.0;22000.0;-14300.0
HRZ-ALM-00062;HRZ;PT*HRZ*E*ALM*00062*02;iec62196T2;mode2AC1p;240.0;32.0;7700.0;22000.0;-14300.0
HRZ-AVV-00006;HRZ;PT*HRZ*E*AVV*00006*1;iec62196T2;mode2AC1p;240.0;32.0;7700.0;22000.0;-14300.0
HRZ-LSB-00601;HRZ;PT*HRZ*E*LSB*00601*01;iec62196T2;mode2AC1p;240.0;32.0;7700.0;22000.0;-14300.0
HRZ-LSB-00601;HRZ;PT*HRZ*E*LSB*00601*02;iec62196T2;mode2AC1p;240.0;32.0;7700.0;22000.0;-14300.0
HRZ-LSB-00602;HRZ;PT*HRZ*E*LSB*00602*01;iec62196T2;mode2AC1p;240.0;32.0;7700.0;22000.0;-14300.0
HRZ-LSB-00602;HRZ;PT*HRZ*E*LSB*00602*02;iec62196T2;mode2AC1p;240.0;32.0;7700.0;22000.0;-14300.0
HRZ-LSB-00607;HRZ;PT*HRZ*E*LSB*00607*01;iec62196T2;mode2AC1p;240.0;32.0;7700.0;22000.0;-14300.0
HRZ-LSB-00607;HRZ;PT*HRZ*E*LSB*00607*02;iec62196T2;mode2AC1p;240.0;32.0;7700.0;22000.0;-14300.0
HRZ-LSB-00608;HRZ;PT*HRZ*E*LSB*00608*01;iec62196T2;mode2AC1p;240.0;32.0;7700.0;22000.0;-14300.0
HRZ-LSB-00608;HRZ;PT*HRZ*E*LSB*00608*02;iec62196T2;mode2AC1p;240.0;32.0;7700.0;22000.0;-14300.0
HRZ-SEI-90001;HRZ;PT*HRZ*E*SEI*90001*01;iec62196T2;mode2AC1p;400.0;32.0;7700.0;22000.0;-14300.0
HRZ-SEI-90001;HRZ;PT*HRZ*E*SEI*90001*02;iec62196T2;mode2AC1p;400.0;32.0;7700.0;22000.0;-14300.0
HRZ-VLG-00026;HRZ;PT*HRZ*E*VLG*00026*01;iec62196T2;mode2AC1p;240.0;32.0;7700.0;22000.0;-14300.0
HRZ-VLG-00026;HRZ;PT*HRZ*E*VLG*00026*02;iec62196T2;mode2AC1p;240.0;32.0;7700.0;22000.0;-14300.0
HRZ-VLG-00027;HRZ;PT*HRZ*E*VLG*00027*01;iec62196T2;mode2AC1p;240.0;32.0;7700.0;22000.0;-14300.0
HRZ-VLG-00027;HRZ;PT*HRZ*E*VLG*00027*02;iec62196T2;mode2AC1p;240.0;32.0;7700.0;22000.0;-14300.0
MLT-TVD-00017;MLT;PT*MLT*ETVD*00017*01;iec62196T2;mode2AC1p;240.0;32.0;7700.0;22000.0;-14300.0
MLT-TVD-00018;MLT;PT*MLT*ETVD*00018*01;iec62196T2;mode2AC1p;240.0;32.0;7700.0;22000.0;-14300.0
PQT-OER-00296;PQT;PT*PQT*E*OER*00296*01;iec62196T2;mode2AC1p;230.0;32.0;7700.0;22000.0;-14300.0
PQT-OER-00297;PQT;PT*PQT*E*OER*00297*01;iec62196T2;mode2AC1p;230.0;32.0;7700.0;22000.0;-14300.0
REP-MAI-00100;REP;PT*REP*E18112*3;iec62196T2;mode2AC1p;230.0;32.0;7700.0;22000.0;-14300.0
REP-MAI-00101;REP;PT*REP*E18120*3;iec62196T2;mode2AC1p;230.0;32.0;7700.0;22000.0;-14300.0
REP-MTS-00195;REP;PT*REP*E18096*3;iec62196T2;mode2AC1p;230.0;32.0;7700.0;22000.0;-14300.0
REP-VGS-00023;REP;PT*REP*E18458*1;iec62196T2;mode2AC1p;230.0;32.0;7700.0;22000.0;-14300.0
EPK-VNG-00264;EPK;PT*EPK*EVNG00215*1;iec62196T2COMBO;mode4DC;400.0;43.0;17200.0;30000.0;-12800.0
EPK-VNG-00264;EPK;PT*EPK*EVNG00214*1;iec62196T2COMBO;mode4DC;400.0;43.0;17200.0;30000.0;-12800.0
HRZ-EVR-00049;HRZ;PT*HRZ*E*EVR*00049*05;iec62196T2COMBO;mode4DC;500.0;375.0;187500.0;200000.0;-12500.0
HRZ-EVR-00049;HRZ;PT*HRZ*E*EVR*00049*06;iec62196T2COMBO;mode4DC;500.0;375.0;187500.0;200000.0;-12500.0
HRZ-SNT-00156;HRZ;PT*HRZ*E*SNT*00156*04;iec62196T2COMBO;mode4DC;500.0;375.0;187500.0;200000.0;-12500.0
HRZ-SNT-00156;HRZ;PT*HRZ*E*SNT*00156*05;iec62196T2COMBO;mode4DC;500.0;375.0;187500.0;200000.0;-12500.0
MOO-CBR-00053;MOO;PT*MOO*E*CBR*00053*01;iec62196T2COMBO;mode4DC;500.0;125.0;62500.0;75000.0;-12500.0
MOO-CBR-00053;MOO;PT*MOO*E*CBR*00053*02;iec62196T2COMBO;mode4DC;500.0;125.0;62500.0;75000.0;-12500.0
HEX-CSC-00074;HEX;PT*HEX*E*CSC*00074*01;iec62196T2;mode2AC1p;240.0;32.0;7700.0;20000.0;-12300.0
HEX-CSC-00074;HEX;PT*HEX*E*CSC*00074*02;iec62196T2;mode2AC1p;240.0;32.0;7700.0;20000.0;-12300.0
HEX-CSC-00075;HEX;PT*HEX*E*CSC*00075*01;iec62196T2;mode2AC1p;240.0;32.0;7700.0;20000.0;-12300.0
HEX-CSC-00075;HEX;PT*HEX*E*CSC*00075*02;iec62196T2;mode2AC1p;240.0;32.0;7700.0;20000.0;-12300.0
MAK-CSC-00065;MAK;PT*MAK*E*CSC*00065*1;iec62196T2COMBO;mode4DC;400.0;40.0;16000.0;27000.0;-11000.0
MAK-CSC-00066;MAK;PT*MAK*E*CSC*00066*1;iec62196T2COMBO;mode4DC;400.0;40.0;16000.0;27000.0;-11000.0
GLP-LLE-00256;GLP;PT*GLP*ELLE*00256*01;iec62196T2;mode3AC3p;400.0;16.0;11500.0;22000.0;-10500.0
HRZ-ALM-90003;HRZ;PT*HRZ*E*ALM*90003*1;iec62196T2;mode3AC3p;400.0;16.0;11500.0;22000.0;-10500.0
HRZ-ALM-90003;HRZ;PT*HRZ*E*ALM*90003*2;iec62196T2;mode3AC3p;400.0;16.0;11500.0;22000.0;-10500.0
KLS-TBC-00004;KLS;PT*KLS*E*TBC*00004*01;iec62196T2;mode3AC3p;400.0;16.0;11500.0;22000.0;-10500.0
KLS-TBC-00004;KLS;PT*KLS*E*TBC*00004*02;iec62196T2;mode3AC3p;400.0;16.0;11500.0;22000.0;-10500.0
KLS-VBP-00008;KLS;PT*KLS*E*VBP*00008*01;iec62196T2;mode3AC3p;400.0;16.0;11500.0;22000.0;-10500.0
KLS-VBP-00008;KLS;PT*KLS*E*VBP*00008*02;iec62196T2;mode3AC3p;400.0;16.0;11500.0;22000.0;-10500.0
LCG-LLE-00057;LCG;PT*LCG*E*LLE*00057*02;iec62196T2;mode3AC3p;400.0;16.0;11500.0;22000.0;-10500.0
MLT-LSB-00296;MLT;PT*MLT*ELSB*00296*02;iec62196T2;mode3AC3p;400.0;16.0;11500.0;22000.0;-10500.0
PRI-OBD-00003;PRI;PT*PRI*E*OBD*00003*2;iec62196T2;mode3AC3p;400.0;16.0;11500.0;22000.0;-10500.0
ATL-ARC-00006;ATL;PT*ATL*EARC*00006*2;iec62196T2COMBO;mode4DC;400.0;125.0;50000.0;60000.0;-10000.0
ATL-BNV-00008;ATL;PT*ATL*EBNV*00008*2;iec62196T2COMBO;mode4DC;400.0;125.0;50000.0;60000.0;-10000.0
ATL-BRR-00132;ATL;PT*ATL*EBRR*00132*1;iec62196T2COMBO;mode4DC;400.0;125.0;50000.0;60000.0;-10000.0
ATL-CBR-00114;ATL;PT*ATL*ECBR*00114*1;iec62196T2COMBO;mode4DC;400.0;125.0;50000.0;60000.0;-10000.0
ATL-CBR-00114;ATL;PT*ATL*ECBR*00114*2;iec62196T2COMBO;mode4DC;400.0;125.0;50000.0;60000.0;-10000.0
ATL-CHM-00005;ATL;PT*ATL*ECHM*00005*1;iec62196T2COMBO;mode4DC;400.0;125.0;50000.0;60000.0;-10000.0
ATL-MFR-00034;ATL;PT*ATL*EMFR*00034*2;iec62196T2COMBO;mode4DC;400.0;125.0;50000.0;60000.0;-10000.0
ATL-VFR-00080;ATL;PT*ATL*EVFR*00080*2;iec62196T2COMBO;mode4DC;400.0;125.0;50000.0;60000.0;-10000.0
ATL-VIS-00091;ATL;PT*ATL*EVIS*00091*2;iec62196T2COMBO;mode4DC;400.0;125.0;50000.0;60000.0;-10000.0
ATL-VLG-00034;ATL;PT*ATL*EVLG*00034*2;iec62196T2COMBO;mode4DC;400.0;125.0;50000.0;60000.0;-10000.0
GLG-MGL-00006;GLG;PT*GLG*EMGL*00006*01;iec62196T2COMBO;mode4DC;550.0;200.0;110000.0;120000.0;-10000.0
GLG-MGL-00006;GLG;PT*GLG*EMGL*00006*02;iec62196T2COMBO;mode4DC;550.0;200.0;110000.0;120000.0;-10000.0
GLG-VNF-00035;GLG;PT*GLG*EVNF*00035*01;iec62196T2COMBO;mode4DC;550.0;200.0;110000.0;120000.0;-10000.0
GLG-VNF-00035;GLG;PT*GLG*EVNF*00035*02;iec62196T2COMBO;mode4DC;550.0;200.0;110000.0;120000.0;-10000.0
GLP-ALB-00011;GLP;PT*GLP*EALB*00011*01;iec62196T2COMBO;mode4DC;550.0;200.0;110000.0;120000.0;-10000.0
GLP-ALB-00011;GLP;PT*GLP*EALB*00011*02;iec62196T2COMBO;mode4DC;550.0;200.0;110000.0;120000.0;-10000.0
GLP-ARV-00009;GLP;PT*GLP*EARV*00009*02;iec62196T2COMBO;mode4DC;550.0;200.0;110000.0;120000.0;-10000.0
GLP-EPS-00020;GLP;PT*GLP*EEPS*00020*01;iec62196T2COMBO;mode4DC;550.0;200.0;110000.0;120000.0;-10000.0
GLP-EPS-00020;GLP;PT*GLP*EEPS*00020*02;iec62196T2COMBO;mode4DC;550.0;200.0;110000.0;120000.0;-10000.0
GLP-EPS-00023;GLP;PT*GLP*EEPS*00023*01;iec62196T2COMBO;mode4DC;550.0;200.0;110000.0;120000.0;-10000.0
GLP-EPS-00023;GLP;PT*GLP*EEPS*00023*02;iec62196T2COMBO;mode4DC;550.0;200.0;110000.0;120000.0;-10000.0
GLP-EPS-00025;GLP;PT*GLP*EEPS*00025*01;iec62196T2COMBO;mode4DC;550.0;200.0;110000.0;120000.0;-10000.0
GLP-EPS-00025;GLP;PT*GLP*EEPS*00025*02;iec62196T2COMBO;mode4DC;550.0;200.0;110000.0;120000.0;-10000.0
GLP-PNF-00024;GLP;PT*GLP*EPNF*00024*01;iec62196T2COMBO;mode4DC;550.0;200.0;110000.0;120000.0;-10000.0
GLP-PNF-00024;GLP;PT*GLP*EPNF*00024*02;iec62196T2COMBO;mode4DC;550.0;200.0;110000.0;120000.0;-10000.0
GLP-PNF-00025;GLP;PT*GLP*EPNF*00025*01;iec62196T2COMBO;mode4DC;550.0;200.0;110000.0;120000.0;-10000.0
GLP-PNF-00025;GLP;PT*GLP*EPNF*00025*02;iec62196T2COMBO;mode4DC;550.0;200.0;110000.0;120000.0;-10000.0
GLP-PNF-00026;GLP;PT*GLP*EPNF*00026*01;iec62196T2COMBO;mode4DC;550.0;200.0;110000.0;120000.0;-10000.0
GLP-PNF-00026;GLP;PT*GLP*EPNF*00026*02;iec62196T2COMBO;mode4DC;550.0;200.0;110000.0;120000.0;-10000.0
GLP-PNF-00029;GLP;PT*GLP*EPNF*00029*01;iec62196T2COMBO;mode4DC;550.0;200.0;110000.0;120000.0;-10000.0
GLP-PNF-00029;GLP;PT*GLP*EPNF*00029*02;iec62196T2COMBO;mode4DC;550.0;200.0;110000.0;120000.0;-10000.0
GLP-PNF-00030;GLP;PT*GLP*EPNF*00030*01;iec62196T2COMBO;mode4DC;550.0;200.0;110000.0;120000.0;-10000.0
GLP-PNF-00030;GLP;PT*GLP*EPNF*00030*02;iec62196T2COMBO;mode4DC;550.0;200.0;110000.0;120000.0;-10000.0
GLP-PNF-00031;GLP;PT*GLP*EPNF*00031*01;iec62196T2COMBO;mode4DC;550.0;200.0;110000.0;120000.0;-10000.0
GLP-PNF-00031;GLP;PT*GLP*EPNF*00031*02;iec62196T2COMBO;mode4DC;550.0;200.0;110000.0;120000.0;-10000.0
GLP-PNF-00032;GLP;PT*GLP*EPNF*00032*01;iec62196T2COMBO;mode4DC;550.0;200.0;110000.0;120000.0;-10000.0
GLP-PNF-00032;GLP;PT*GLP*EPNF*00032*02;iec62196T2COMBO;mode4DC;550.0;200.0;110000.0;120000.0;-10000.0
GLP-PNF-00033;GLP;PT*GLP*EPNF*00033*01;iec62196T2COMBO;mode4DC;550.0;200.0;110000.0;120000.0;-10000.0
GLP-PNF-00033;GLP;PT*GLP*EPNF*00033*02;iec62196T2COMBO;mode4DC;550.0;200.0;110000.0;120000.0;-10000.0
GLP-PNF-00034;GLP;PT*GLP*EPNF*00034*01;iec62196T2COMBO;mode4DC;550.0;200.0;110000.0;120000.0;-10000.0
GLP-PNF-00034;GLP;PT*GLP*EPNF*00034*02;iec62196T2COMBO;mode4DC;550.0;200.0;110000.0;120000.0;-10000.0
PAR-AGD-00040;PAR;PT*PAR*E*AGD*00040*01;iec62196T2COMBO;mode4DC;400.0;50.0;20000.0;30000.0;-10000.0
REP-FAR-00087;REP;PT*REP*E17697*2;chademo;mode4DC;400.0;125.0;50000.0;60000.0;-10000.0
REP-VCT-00074;REP;PT*REP*E18125*2;chademo;mode4DC;400.0;125.0;50000.0;60000.0;-10000.0
GLP-AMD-00110;GLP;PT*GLP*EAMD*00110*01;iec62196T2;mode4DC;400.0;32.0;12800.0;22000.0;-9200.0
GLP-EPS-00036;GLP;PT*GLP*EEPS*00036*02;iec62196T2COMBO;mode4DC;400.0;32.0;12800.0;22000.0;-9200.0
GLP-ODV-00047;GLP;PT*GLP*EODV*00047*01;iec62196T2;mode4DC;400.0;32.0;12800.0;22000.0;-9200.0
GLP-OVR-00032;GLP;PT*GLP*EOVR*00032*01;iec62196T2;mode4DC;400.0;32.0;12800.0;22000.0;-9200.0
GLP-STB-00035;GLP;PT*GLP*ESTB*00035*03;iec62196T2;mode4DC;400.0;32.0;12800.0;22000.0;-9200.0
GLP-VNG-00199;GLP;PT*GLP*EVNG*00199*03;iec62196T2;mode4DC;400.0;32.0;12800.0;22000.0;-9200.0
MOO-AMT-00007;MOO;PT*MOO*E*AMT*00007*1;iec62196T2COMBO;mode4DC;400.0;32.0;12800.0;22000.0;-9200.0
MOO-MOBI-CTB-00004;MOO;PT*MOO*E*MOBI*CTB*00004*01;iec62196T2COMBO;mode4DC;400.0;40.0;16000.0;24000.0;-8000.0
GLP-BRG-00039;GLP;PT*GLP*EBRG*00039*02;iec62196T2;mode2AC1p;400.0;16.0;3800.0;11000.0;-7200.0
HRZ-GRD-00025;HRZ;PT*HRZ*E*GRD*00025*1;iec62196T2;mode2AC1p;240.0;16.0;3800.0;11000.0;-7200.0
MLT-CSC-00086;MLT;PT*MLT*ECSC*00086*01;iec62196T2;mode2AC1p;240.0;16.0;3800.0;11000.0;-7200.0
TRK-BRR-00118;TRK;PT*TRK*E*BRR*00118*01;iec62196T2;mode2AC1p;240.0;63.0;15100.0;22000.0;-6900.0
TRK-BRR-00118;TRK;PT*TRK*E*BRR*00118*02;iec62196T2;mode2AC1p;240.0;63.0;15100.0;22000.0;-6900.0
TRK-BRR-00120;TRK;PT*TRK*E*BRR*00120*01;iec62196T2;mode2AC1p;240.0;63.0;15100.0;22000.0;-6900.0
TRK-BRR-00120;TRK;PT*TRK*E*BRR*00120*02;iec62196T2;mode2AC1p;240.0;63.0;15100.0;22000.0;-6900.0
TRK-BRR-00121;TRK;PT*TRK*E*BRR*00121*01;iec62196T2;mode2AC1p;240.0;63.0;15100.0;22000.0;-6900.0
TRK-BRR-00121;TRK;PT*TRK*E*BRR*00121*02;iec62196T2;mode2AC1p;240.0;63.0;15100.0;22000.0;-6900.0
TRK-BRR-00122;TRK;PT*TRK*E*BRR*00122*01;iec62196T2;mode2AC1p;240.0;63.0;15100.0;22000.0;-6900.0
TRK-BRR-00122;TRK;PT*TRK*E*BRR*00122*02;iec62196T2;mode2AC1p;240.0;63.0;15100.0;22000.0;-6900.0
TRK-BRR-00123;TRK;PT*TRK*E*BRR*00123*01;iec62196T2;mode2AC1p;240.0;63.0;15100.0;22000.0;-6900.0
TRK-BRR-00123;TRK;PT*TRK*E*BRR*00123*02;iec62196T2;mode2AC1p;240.0;63.0;15100.0;22000.0;-6900.0
TRK-BRR-00124;TRK;PT*TRK*E*BRR*00124*01;iec62196T2;mode2AC1p;240.0;63.0;15100.0;22000.0;-6900.0
TRK-BRR-00124;TRK;PT*TRK*E*BRR*00124*02;iec62196T2;mode2AC1p;240.0;63.0;15100.0;22000.0;-6900.0
TRK-CMN-00009;TRK;PT*TRK*E*CMN*00009*01;iec62196T2;mode2AC1p;240.0;63.0;15100.0;22000.0;-6900.0
TRK-CMN-00009;TRK;PT*TRK*E*CMN*00009*02;iec62196T2;mode2AC1p;240.0;63.0;15100.0;22000.0;-6900.0
TRK-CMN-00010;TRK;PT*TRK*E*CMN*00010*01;iec62196T2;mode2AC1p;240.0;63.0;15100.0;22000.0;-6900.0
TRK-CMN-00010;TRK;PT*TRK*E*CMN*00010*02;iec62196T2;mode2AC1p;240.0;63.0;15100.0;22000.0;-6900.0
TRK-CMN-00011;TRK;PT*TRK*E*CMN*00011*01;iec62196T2;mode2AC1p;240.0;63.0;15100.0;22000.0;-6900.0
TRK-CMN-00011;TRK;PT*TRK*E*CMN*00011*02;iec62196T2;mode2AC1p;240.0;63.0;15100.0;22000.0;-6900.0
TRK-CMN-00012;TRK;PT*TRK*E*CMN*00012*01;iec62196T2;mode2AC1p;240.0;63.0;15100.0;22000.0;-6900.0
TRK-CMN-00012;TRK;PT*TRK*E*CMN*00012*02;iec62196T2;mode2AC1p;240.0;63.0;15100.0;22000.0;-6900.0
TRK-ETZ-00014;TRK;PT*TRK*E*ETZ*00014*01;iec62196T2;mode2AC1p;240.0;63.0;15100.0;22000.0;-6900.0
TRK-ETZ-00014;TRK;PT*TRK*E*ETZ*00014*02;iec62196T2;mode2AC1p;240.0;63.0;15100.0;22000.0;-6900.0
TRK-ETZ-00015;TRK;PT*TRK*E*ETZ*00015*01;iec62196T2;mode2AC1p;240.0;63.0;15100.0;22000.0;-6900.0
TRK-ETZ-00015;TRK;PT*TRK*E*ETZ*00015*02;iec62196T2;mode2AC1p;240.0;63.0;15100.0;22000.0;-6900.0
TRK-ETZ-00016;TRK;PT*TRK*E*ETZ*00016*01;iec62196T2;mode2AC1p;240.0;63.0;15100.0;22000.0;-6900.0
TRK-ETZ-00016;TRK;PT*TRK*E*ETZ*00016*02;iec62196T2;mode2AC1p;240.0;63.0;15100.0;22000.0;-6900.0
TRK-ETZ-00017;TRK;PT*TRK*E*ETZ*00017*01;iec62196T2;mode2AC1p;240.0;63.0;15100.0;22000.0;-6900.0
TRK-ETZ-00017;TRK;PT*TRK*E*ETZ*00017*02;iec62196T2;mode2AC1p;240.0;63.0;15100.0;22000.0;-6900.0
TRK-ETZ-00018;TRK;PT*TRK*E*ETZ*00018*01;iec62196T2;mode2AC1p;240.0;63.0;15100.0;22000.0;-6900.0
TRK-ETZ-00018;TRK;PT*TRK*E*ETZ*00018*02;iec62196T2;mode2AC1p;240.0;63.0;15100.0;22000.0;-6900.0
TRK-MIR-00004;TRK;PT*TRK*E*MIR*00004*01;iec62196T2;mode2AC1p;240.0;63.0;15100.0;22000.0;-6900.0
TRK-MIR-00004;TRK;PT*TRK*E*MIR*00004*02;iec62196T2;mode2AC1p;240.0;63.0;15100.0;22000.0;-6900.0
TRK-MIR-00005;TRK;PT*TRK*E*MIR*00005*01;iec62196T2;mode2AC1p;240.0;63.0;15100.0;22000.0;-6900.0
TRK-MIR-00005;TRK;PT*TRK*E*MIR*00005*02;iec62196T2;mode2AC1p;240.0;63.0;15100.0;22000.0;-6900.0
TRK-TMR-00011;TRK;PT*TRK*E*TMR*00011*01;iec62196T2;mode2AC1p;240.0;63.0;15100.0;22000.0;-6900.0
TRK-TMR-00011;TRK;PT*TRK*E*TMR*00011*02;iec62196T2;mode2AC1p;240.0;63.0;15100.0;22000.0;-6900.0
TRK-TMR-00012;TRK;PT*TRK*E*TMR*00012*01;iec62196T2;mode2AC1p;240.0;63.0;15100.0;22000.0;-6900.0
TRK-TMR-00012;TRK;PT*TRK*E*TMR*00012*02;iec62196T2;mode2AC1p;240.0;63.0;15100.0;22000.0;-6900.0
TRK-TMR-00013;TRK;PT*TRK*E*TMR*00013*01;iec62196T2;mode2AC1p;240.0;63.0;15100.0;22000.0;-6900.0
TRK-TMR-00013;TRK;PT*TRK*E*TMR*00013*02;iec62196T2;mode2AC1p;240.0;63.0;15100.0;22000.0;-6900.0
TRK-TMR-00014;TRK;PT*TRK*E*TMR*00014*01;iec62196T2;mode2AC1p;240.0;63.0;15100.0;22000.0;-6900.0
TRK-TMR-00014;TRK;PT*TRK*E*TMR*00014*02;iec62196T2;mode2AC1p;240.0;63.0;15100.0;22000.0;-6900.0
TRK-TMR-00015;TRK;PT*TRK*E*TMR*00015*01;iec62196T2;mode2AC1p;240.0;63.0;15100.0;22000.0;-6900.0
TRK-TMR-00015;TRK;PT*TRK*E*TMR*00015*02;iec62196T2;mode2AC1p;240.0;63.0;15100.0;22000.0;-6900.0
TRK-TMR-00021;TRK;PT*TRK*E*TMR*00021*01;iec62196T2;mode2AC1p;240.0;63.0;15100.0;22000.0;-6900.0
TRK-TMR-00021;TRK;PT*TRK*E*TMR*00021*02;iec62196T2;mode2AC1p;240.0;63.0;15100.0;22000.0;-6900.0
TRK-TMR-00022;TRK;PT*TRK*E*TMR*00022*01;iec62196T2;mode2AC1p;240.0;63.0;15100.0;22000.0;-6900.0
TRK-TMR-00022;TRK;PT*TRK*E*TMR*00022*02;iec62196T2;mode2AC1p;240.0;63.0;15100.0;22000.0;-6900.0
TRK-TMR-00024;TRK;PT*TRK*E*TMR*00024*01;iec62196T2;mode2AC1p;240.0;63.0;15100.0;22000.0;-6900.0
TRK-TMR-00024;TRK;PT*TRK*E*TMR*00024*02;iec62196T2;mode2AC1p;240.0;63.0;15100.0;22000.0;-6900.0
TRK-TMR-00025;TRK;PT*TRK*E*TMR*00025*01;iec62196T2;mode2AC1p;240.0;63.0;15100.0;22000.0;-6900.0
TRK-TMR-00025;TRK;PT*TRK*E*TMR*00025*02;iec62196T2;mode2AC1p;240.0;63.0;15100.0;22000.0;-6900.0
HRZ-LSB-90029;HRZ;PT*HRZ*E*LSB*90029*2;iec62196T2;mode3AC3p;400.0;22.0;15800.0;22000.0;-6200.0
GLP-CTB-00057;GLP;PT*GLP*ECTB*00057*01;iec62196T2;mode4DC;500.0;32.0;16000.0;22000.0;-6000.0
GLP-LSB-00609;GLP;PT*GLP*ELSB*00609*01;iec62196T2COMBO;mode4DC;950.0;120.0;114000.0;120000.0;-6000.0
GLP-LSB-00609;GLP;PT*GLP*ELSB*00609*02;iec62196T2COMBO;mode4DC;950.0;120.0;114000.0;120000.0;-6000.0
GLP-VLG-00055;GLP;PT*GLP*EVLG*00055*01;chademo;mode4DC;500.0;32.0;16000.0;22000.0;-6000.0
GLP-VLG-00055;GLP;PT*GLP*EVLG*00055*02;iec62196T2COMBO;mode4DC;500.0;32.0;16000.0;22000.0;-6000.0
GLP-VLG-00056;GLP;PT*GLP*EVLG*00056*01;chademo;mode4DC;500.0;32.0;16000.0;22000.0;-6000.0
GLP-VLG-00056;GLP;PT*GLP*EVLG*00056*02;iec62196T2COMBO;mode4DC;500.0;32.0;16000.0;22000.0;-6000.0
MOO-STC-00007;MOO;PT*MOO*E*STC*00007*1;iec62196T2COMBO;mode4DC;500.0;32.0;16000.0;22000.0;-6000.0
GLP-ALB-90002;GLP;PT*GLP*EALB*90002*01;iec62196T2;mode3AC3p;400.0;20.0;14400.0;20000.0;-5600.0
GLP-ALB-90002;GLP;PT*GLP*EALB*90002*02;iec62196T2;mode3AC3p;400.0;20.0;14400.0;20000.0;-5600.0
HRZ-LSB-00678;HRZ;PT*HRZ*E*LSB*00678*01;iec62196T2;mode3AC3p;230.0;23.0;16600.0;22000.0;-5400.0
HRZ-LSB-00678;HRZ;PT*HRZ*E*LSB*00678*02;iec62196T2;mode3AC3p;230.0;23.0;16600.0;22000.0;-5400.0
HRZ-LSB-00679;HRZ;PT*HRZ*E*LSB*00679*01;iec62196T2;mode3AC3p;230.0;23.0;16600.0;22000.0;-5400.0
HRZ-LSB-00679;HRZ;PT*HRZ*E*LSB*00679*02;iec62196T2;mode3AC3p;230.0;23.0;16600.0;22000.0;-5400.0
HRZ-LSB-00680;HRZ;PT*HRZ*E*LSB*00680*01;iec62196T2;mode3AC3p;230.0;23.0;16600.0;22000.0;-5400.0
HRZ-LSB-00680;HRZ;PT*HRZ*E*LSB*00680*02;iec62196T2;mode3AC3p;230.0;23.0;16600.0;22000.0;-5400.0
HRZ-LSB-00681;HRZ;PT*HRZ*E*LSB*00681*01;iec62196T2;mode3AC3p;230.0;23.0;16600.0;22000.0;-5400.0
HRZ-LSB-00681;HRZ;PT*HRZ*E*LSB*00681*02;iec62196T2;mode3AC3p;230.0;23.0;16600.0;22000.0;-5400.0
ATL-CSC-00518;ATL;PT*ATL*ECSC*00518*1;iec62196T2;mode2AC1p;230.0;10.0;2400.0;7400.0;-5000.0
ATL-CSC-00518;ATL;PT*ATL*ECSC*00518*2;iec62196T2;mode2AC1p;230.0;10.0;2400.0;7400.0;-5000.0
ATL-VIS-00104;ATL;PT*ATL*EVIS*00104*1;iec62196T2COMBO;mode4DC;400.0;200.0;80000.0;85000.0;-5000.0
ATL-VIS-00104;ATL;PT*ATL*EVIS*00104*2;iec62196T2COMBO;mode4DC;400.0;200.0;80000.0;85000.0;-5000.0
GLP-LSB-01320;GLP;PT*GLP*ELSB*01320*01;iec62196T2COMBO;mode4DC;950.0;500.0;475000.0;480000.0;-5000.0
GLP-LSB-01320;GLP;PT*GLP*ELSB*01320*02;iec62196T2COMBO;mode4DC;950.0;500.0;475000.0;480000.0;-5000.0
GLP-LSB-01320;GLP;PT*GLP*ELSB*01320*03;iec62196T2COMBO;mode4DC;950.0;500.0;475000.0;480000.0;-5000.0
GLP-LSB-01320;GLP;PT*GLP*ELSB*01320*04;iec62196T2COMBO;mode4DC;950.0;500.0;475000.0;480000.0;-5000.0
MOO-LRA-00046;MOO;PT*MOO*E*LRA*00046*01;iec62196T2COMBO;mode4DC;500.0;350.0;175000.0;180000.0;-5000.0
MAK-CBR-00162;MAK;PT*MAK*E*CBR*00162*01;iec62196T2COMBO;mode4DC;400.0;63.0;25200.0;30000.0;-4800.0
MAK-CBR-00163;MAK;PT*MAK*E*CBR*00163*01;iec62196T2COMBO;mode4DC;400.0;63.0;25200.0;30000.0;-4800.0
GLP-SXL-00029;GLP;PT*GLP*ESXL*00029*02;iec62196T2COMBO;mode4DC;950.0;90.0;85500.0;90000.0;-4500.0
GLP-SXL-00030;GLP;PT*GLP*ESXL*00030*01;iec62196T2COMBO;mode4DC;950.0;90.0;85500.0;90000.0;-4500.0
GLP-SXL-00030;GLP;PT*GLP*ESXL*00030*02;iec62196T2COMBO;mode4DC;950.0;90.0;85500.0;90000.0;-4500.0
GLP-VFX-00068;GLP;PT*GLP*EVFX*00068*02;iec62196T2COMBO;mode4DC;950.0;90.0;85500.0;90000.0;-4500.0
GLP-VFX-00069;GLP;PT*GLP*EVFX*00069*01;iec62196T2COMBO;mode4DC;950.0;90.0;85500.0;90000.0;-4500.0
GLP-VFX-00069;GLP;PT*GLP*EVFX*00069*02;iec62196T2COMBO;mode4DC;950.0;90.0;85500.0;90000.0;-4500.0
GLP-VFX-00071;GLP;PT*GLP*EVFX*00071*02;iec62196T2COMBO;mode4DC;950.0;90.0;85500.0;90000.0;-4500.0
GLP-VFX-00072;GLP;PT*GLP*EVFX*00072*02;iec62196T2COMBO;mode4DC;950.0;90.0;85500.0;90000.0;-4500.0
HRZ-ABT-00023;HRZ;PT*HRZ*E*ABT*00023*01;chademo;mode4DC;450.0;125.0;56200.0;60000.0;-3800.0
GLP-BRG-00038;GLP;PT*GLP*EBRG*00038*01;iec62196T2;mode2AC1p;400.0;16.0;3800.0;7400.0;-3600.0
GLP-BRG-00038;GLP;PT*GLP*EBRG*00038*02;iec62196T2;mode2AC1p;400.0;16.0;3800.0;7400.0;-3600.0
GLP-BRG-00039;GLP;PT*GLP*EBRG*00039*01;iec62196T2;mode2AC1p;400.0;16.0;3800.0;7400.0;-3600.0
GLP-LRS-80003;GLP;PT*GLP*ELRS*80003*01;iec62196T2;mode2AC1p;240.0;16.0;3800.0;7400.0;-3600.0
GLP-LRS-80003;GLP;PT*GLP*ELRS*80003*02;iec62196T2;mode2AC1p;240.0;16.0;3800.0;7400.0;-3600.0
GLP-LRS-80016;GLP;PT*GLP*ELRS*80016*01;iec62196T2;mode2AC1p;240.0;16.0;3800.0;7400.0;-3600.0
GLP-LRS-80016;GLP;PT*GLP*ELRS*80016*02;iec62196T2;mode2AC1p;240.0;16.0;3800.0;7400.0;-3600.0
GLP-LSB-80047;GLP;PT*GLP*ELSB*80047*01;iec62196T2;mode2AC1p;240.0;16.0;3800.0;7400.0;-3600.0
GLP-LSB-80047;GLP;PT*GLP*ELSB*80047*02;iec62196T2;mode2AC1p;240.0;16.0;3800.0;7400.0;-3600.0
GLP-LSB-80055;GLP;PT*GLP*ELSB*80055*01;iec62196T2;mode2AC1p;240.0;16.0;3800.0;7400.0;-3600.0
GLP-LSB-80055;GLP;PT*GLP*ELSB*80055*02;iec62196T2;mode2AC1p;240.0;16.0;3800.0;7400.0;-3600.0
GLP-LSB-80062;GLP;PT*GLP*ELSB*80062*01;iec62196T2;mode2AC1p;240.0;16.0;3800.0;7400.0;-3600.0
GLP-LSB-80062;GLP;PT*GLP*ELSB*80062*02;iec62196T2;mode2AC1p;240.0;16.0;3800.0;7400.0;-3600.0
GLP-LSB-80078;GLP;PT*GLP*ELSB*80078*01;iec62196T2;mode2AC1p;240.0;16.0;3800.0;7400.0;-3600.0
GLP-LSB-80078;GLP;PT*GLP*ELSB*80078*02;iec62196T2;mode2AC1p;240.0;16.0;3800.0;7400.0;-3600.0
GLP-LSB-80144;GLP;PT*GLP*ELSB*80144*01;iec62196T2;mode2AC1p;240.0;16.0;3800.0;7400.0;-3600.0
GLP-LSB-80144;GLP;PT*GLP*ELSB*80144*02;iec62196T2;mode2AC1p;240.0;16.0;3800.0;7400.0;-3600.0
GLP-LSB-80148;GLP;PT*GLP*ELSB*80148*01;iec62196T2;mode2AC1p;240.0;16.0;3800.0;7400.0;-3600.0
GLP-LSB-80148;GLP;PT*GLP*ELSB*80148*02;iec62196T2;mode2AC1p;240.0;16.0;3800.0;7400.0;-3600.0
GLP-PFR-00005;GLP;PT*GLP*EPFR*00005*01;iec62196T2;mode2AC1p;240.0;16.0;3800.0;7400.0;-3600.0
GLP-PFR-00005;GLP;PT*GLP*EPFR*00005*02;iec62196T2;mode2AC1p;240.0;16.0;3800.0;7400.0;-3600.0
HRZ-ALM-00032;HRZ;PT*HRZ*E*ALM*00032*01;iec62196T2;mode2AC1p;240.0;16.0;3800.0;7400.0;-3600.0
HRZ-ALM-00032;HRZ;PT*HRZ*E*ALM*00032*02;iec62196T2;mode2AC1p;240.0;16.0;3800.0;7400.0;-3600.0
HRZ-MGR-00005;HRZ;PT*HRZ*E*MGR*00005*01;iec62196T2;mode2AC1p;240.0;16.0;3800.0;7400.0;-3600.0
HRZ-MGR-00005;HRZ;PT*HRZ*E*MGR*00005*02;iec62196T2;mode2AC1p;240.0;16.0;3800.0;7400.0;-3600.0
HRZ-MGR-00006;HRZ;PT*HRZ*E*MGR*00006*01;iec62196T2;mode2AC1p;240.0;16.0;3800.0;7400.0;-3600.0
HRZ-MGR-00006;HRZ;PT*HRZ*E*MGR*00006*02;iec62196T2;mode2AC1p;240.0;16.0;3800.0;7400.0;-3600.0
HRZ-PRT-00145;HRZ;PT*HRZ*E*PRT*00145*01;iec62196T2;mode2AC1p;240.0;16.0;3800.0;7400.0;-3600.0
HRZ-PRT-00145;HRZ;PT*HRZ*E*PRT*00145*02;iec62196T2;mode2AC1p;240.0;16.0;3800.0;7400.0;-3600.0
HRZ-STB-00030;HRZ;PT*HRZ*E*STB*00030*01;iec62196T2;mode2AC1p;240.0;16.0;3800.0;7400.0;-3600.0
HRZ-STB-00030;HRZ;PT*HRZ*E*STB*00030*02;iec62196T2;mode2AC1p;240.0;16.0;3800.0;7400.0;-3600.0
HRZ-VNG-00074;HRZ;PT*HRZ*E*VNG*00074*01;iec62196T2;mode2AC1p;240.0;16.0;3800.0;7400.0;-3600.0
HRZ-VNG-00074;HRZ;PT*HRZ*E*VNG*00074*02;iec62196T2;mode2AC1p;240.0;16.0;3800.0;7400.0;-3600.0
SEG-PDL-00005;SEG;PT*SEG*E*PDL*00005*01;iec62196T2;mode2AC1p;240.0;16.0;3800.0;7400.0;-3600.0
SEG-PDL-00005;SEG;PT*SEG*E*PDL*00005*02;iec62196T2;mode2AC1p;240.0;16.0;3800.0;7400.0;-3600.0
GLP-MOBI-LSB-01051;GLP;PT*GLP*EMOBI*LSB*01051*01;iec62196T2;mode2AC1p;400.0;32.0;7700.0;11000.0;-3300.0
HRZ-BRG-00078;HRZ;PT*HRZ*E*BRG*00078*01;iec62196T2COMBO;mode4DC;500.0;375.0;187500.0;190000.0;-2500.0
HRZ-BRG-00078;HRZ;PT*HRZ*E*BRG*00078*02;iec62196T2COMBO;mode4DC;500.0;375.0;187500.0;190000.0;-2500.0
ATL-ALR-80001;ATL;PT*ATL*EALR*80001*1;iec62196T2;mode3AC3p;230.0;10.0;7200.0;8000.0;-800.0
ATL-ALR-80001;ATL;PT*ATL*EALR*80001*2;iec62196T2;mode3AC3p;230.0;10.0;7200.0;8000.0;-800.0
EDP-CSC-00521;EDP;PT*EDP*ECSC*00521*1;iec62196T2;mode3AC3p;230.0;30.0;21600.0;22000.0;-400.0
EDP-CSC-00521;EDP;PT*EDP*ECSC*00521*2;iec62196T2;mode3AC3p;230.0;30.0;21600.0;22000.0;-400.0
EDP-VCD-00079;EDP;PT*EDP*EVCD*00079*1;iec62196T2;mode3AC3p;400.0;30.0;21600.0;22000.0;-400.0
EDP-VCD-00079;EDP;PT*EDP*EVCD*00079*2;iec62196T2;mode3AC3p;400.0;30.0;21600.0;22000.0;-400.0
EDP-VCD-00080;EDP;PT*EDP*EVCD*00080*1;iec62196T2;mode3AC3p;400.0;30.0;21600.0;22000.0;-400.0
EDP-VCD-00080;EDP;PT*EDP*EVCD*00080*2;iec62196T2;mode3AC3p;400.0;30.0;21600.0;22000.0;-400.0
EDP-VCD-00081;EDP;PT*EDP*EVCD*00081*1;iec62196T2;mode3AC3p;400.0;30.0;21600.0;22000.0;-400.0
EDP-VCD-00081;EDP;PT*EDP*EVCD*00081*2;iec62196T2;mode3AC3p;400.0;30.0;21600.0;22000.0;-400.0
EDP-VCD-00082;EDP;PT*EDP*EVCD*00082*1;iec62196T2;mode3AC3p;400.0;30.0;21600.0;22000.0;-400.0
EDP-VCD-00082;EDP;PT*EDP*EVCD*00082*2;iec62196T2;mode3AC3p;400.0;30.0;21600.0;22000.0;-400.0
EDP-VCD-00083;EDP;PT*EDP*EVCD*00083*1;iec62196T2;mode3AC3p;400.0;30.0;21600.0;22000.0;-400.0
EDP-VCD-00083;EDP;PT*EDP*EVCD*00083*2;iec62196T2;mode3AC3p;400.0;30.0;21600.0;22000.0;-400.0
