Station ID	OPC	EVSE ID	Connector Type	Charging Mode	Voltage (V)	Max Current (A)	Calculated Power (W)	Claimed Power (W)	Power Difference (W)
BRR-00125	HRZ	PT*HRZ*E*BRR*00125*04	iec62196T2COMBO	mode4DC	500.0	200.0	100000.0	200000.0	-100000.0
BRR-00125	HRZ	PT*HRZ*E*BRR*00125*05	iec62196T2COMBO	mode4DC	500.0	200.0	100000.0	200000.0	-100000.0
OVR-00024	GLP	PT*GLP*EOVR*00024*01	iec62196T2COMBO	mode4DC	1000.0	250.0	250000.0	350000.0	-100000.0
OVR-00024	GLP	PT*GLP*EOVR*00024*02	iec62196T2COMBO	mode4DC	1000.0	250.0	250000.0	350000.0	-100000.0
OVR-00024	GLP	PT*GLP*EOVR*00024*03	iec62196T2COMBO	mode4DC	1000.0	250.0	250000.0	350000.0	-100000.0
OVR-00024	GLP	PT*GLP*EOVR*00024*04	iec62196T2COMBO	mode4DC	1000.0	250.0	250000.0	350000.0	-100000.0
OVR-00025	GLP	PT*GLP*EOVR*00025*01	iec62196T2COMBO	mode4DC	1000.0	250.0	250000.0	350000.0	-100000.0
OVR-00025	GLP	PT*GLP*EOVR*00025*02	iec62196T2COMBO	mode4DC	1000.0	250.0	250000.0	350000.0	-100000.0
OVR-00025	GLP	PT*GLP*EOVR*00025*03	iec62196T2COMBO	mode4DC	1000.0	250.0	250000.0	350000.0	-100000.0
OVR-00025	GLP	PT*GLP*EOVR*00025*04	iec62196T2COMBO	mode4DC	1000.0	250.0	250000.0	350000.0	-100000.0
OVR-00026	GLP	PT*GLP*EOVR*00026*01	iec62196T2COMBO	mode4DC	1000.0	250.0	250000.0	350000.0	-100000.0
OVR-00026	GLP	PT*GLP*EOVR*00026*02	iec62196T2COMBO	mode4DC	1000.0	250.0	250000.0	350000.0	-100000.0
OVR-00026	GLP	PT*GLP*EOVR*00026*03	iec62196T2COMBO	mode4DC	1000.0	250.0	250000.0	350000.0	-100000.0
OVR-00026	GLP	PT*GLP*EOVR*00026*04	iec62196T2COMBO	mode4DC	1000.0	250.0	250000.0	350000.0	-100000.0
GMR-00155	EDP	PT*EDP*EGMR*00155*3	iec62196T2	mode3AC3p	240.0	32.0	23000.0	122000.0	-99000.0
LSB-00401	EDP	PT*EDP*E*LSB*00401*02	iec62196T2COMBO	mode4DC	500.0	125.0	62500.0	160000.0	-97500.0
OER-00084	GLP	PT*GLP*EOER*00084*01	chademo	mode4DC	500.0	125.0	62500.0	160000.0	-97500.0
OER-00085	GLP	PT*GLP*EOER*00085*01	chademo	mode4DC	500.0	125.0	62500.0	160000.0	-97500.0
OER-00086	GLP	PT*GLP*EOER*00086*01	chademo	mode4DC	500.0	125.0	62500.0	160000.0	-97500.0
OER-00087	GLP	PT*GLP*EOER*00087*01	chademo	mode4DC	500.0	125.0	62500.0	160000.0	-97500.0
LRS-00067	EDP	PT*EDP*E*LRS*00067*02	iec62196T2COMBO	mode4DC	500.0	125.0	62500.0	150000.0	-87500.0
LSB-00467	GLP	PT*GLP*ELSB*00467*01	iec62196T2COMBO	mode4DC	500.0	195.0	97500.0	180000.0	-82500.0
LSB-00468	GLP	PT*GLP*ELSB*00468*01	iec62196T2COMBO	mode4DC	500.0	195.0	97500.0	180000.0	-82500.0
SXL-00028	GLP	PT*GLP*ESXL*00028*01	iec62196T2COMBO	mode4DC	500.0	195.0	97500.0	180000.0	-82500.0
SXL-00032	GLP	PT*GLP*ESXL*00032*01	iec62196T2COMBO	mode4DC	500.0	200.0	100000.0	180000.0	-80000.0
SXL-00034	GLP	PT*GLP*ESXL*00034*01	iec62196T2COMBO	mode4DC	500.0	200.0	100000.0	180000.0	-80000.0
SXL-00036	GLP	PT*GLP*ESXL*00036*01	iec62196T2COMBO	mode4DC	500.0	200.0	100000.0	180000.0	-80000.0
VVR-00002	GLG	PT*GLG*EVVR*00002*01	iec62196T2COMBO	mode4DC	500.0	200.0	100000.0	180000.0	-80000.0
VVR-00003	GLG	PT*GLG*EVVR*00003*01	iec62196T2COMBO	mode4DC	500.0	200.0	100000.0	180000.0	-80000.0
GDL-00006	EDP	PT*EDP*E*GDL*00006*02	iec62196T2COMBO	mode4DC	500.0	175.0	87500.0	160000.0	-72500.0
GDL-00007	EDP	PT*EDP*E*GDL*00007*02	iec62196T2COMBO	mode4DC	500.0	175.0	87500.0	160000.0	-72500.0
LRS-00058	EDP	PT*EDP*E*LRS*00058*02	iec62196T2COMBO	mode4DC	500.0	175.0	87500.0	160000.0	-72500.0
PNF-00011	EDP	PT*EDP*E*PNF*00011*02	iec62196T2COMBO	mode4DC	500.0	175.0	87500.0	160000.0	-72500.0
PNF-00012	EDP	PT*EDP*E*PNF*00012*02	iec62196T2COMBO	mode4DC	500.0	175.0	87500.0	160000.0	-72500.0
STR-00019	EDP	PT*EDP*E*STR*00019*02	iec62196T2COMBO	mode4DC	500.0	175.0	87500.0	160000.0	-72500.0
STR-00022	EDP	PT*EDP*E*STR*00022*02	iec62196T2COMBO	mode4DC	500.0	175.0	87500.0	160000.0	-72500.0
SXL-00016	EDP	PT*EDP*E*SXL*00016*02	iec62196T2COMBO	mode4DC	500.0	175.0	87500.0	160000.0	-72500.0
VND-00008	EDP	PT*EDP*E*VND*00008*02	iec62196T2COMBO	mode4DC	500.0	175.0	87500.0	160000.0	-72500.0
VND-00009	EDP	PT*EDP*E*VND*00009*02	iec62196T2COMBO	mode4DC	500.0	175.0	87500.0	160000.0	-72500.0
VNG-00067	EDP	PT*EDP*E*VNG*00067*02	iec62196T2COMBO	mode4DC	500.0	175.0	87500.0	160000.0	-72500.0
GDM-00054	MOT	PT*MOT*E*GDM*00054*01	iec62196T2COMBO	mode4DC	400.0	320.0	128000.0	200000.0	-72000.0
GDM-00054	MOT	PT*MOT*E*GDM*00054*02	iec62196T2COMBO	mode4DC	400.0	320.0	128000.0	200000.0	-72000.0
CTB-00042	MOT	PT*MOT*E*CTB*00042*02	iec62196T2COMBO	mode4DC	100.0	300.0	30000.0	100000.0	-70000.0
VVR-00002	GLG	PT*GLG*EVVR*00002*02	iec62196T2COMBO	mode4DC	950.0	120.0	114000.0	180000.0	-66000.0
AND-00005	HRZ	PT*HRZ*E*AND*00005*02	iec62196T2COMBO	mode4DC	500.0	200.0	100000.0	160000.0	-60000.0
AVR-00040	GLG	PT*GLG*EAVR*00040*01	iec62196T2COMBO	mode4DC	500.0	120.0	60000.0	120000.0	-60000.0
BRR-00125	HRZ	PT*HRZ*E*BRR*00125*02	iec62196T2COMBO	mode4DC	500.0	200.0	100000.0	160000.0	-60000.0
ODV-00018	HRZ	PT*HRZ*E*ODV*00018*04	iec62196T2COMBO	mode4DC	500.0	200.0	100000.0	160000.0	-60000.0
PRT-00333	REP	PT*REP*E*PRT*00333*01	chademo	mode4DC	500.0	120.0	60000.0	120000.0	-60000.0
TVD-00028	GLP	PT*GLP*ETVD*00028*02	iec62196T2COMBO	mode4DC	500.0	120.0	60000.0	120000.0	-60000.0
TVD-00029	GLP	PT*GLP*ETVD*00029*02	iec62196T2COMBO	mode4DC	500.0	120.0	60000.0	120000.0	-60000.0
TVD-00030	GLP	PT*GLP*ETVD*00030*02	iec62196T2COMBO	mode4DC	500.0	120.0	60000.0	120000.0	-60000.0
VCT-00029	GLG	PT*GLG*EVCT*00029*01	iec62196T2COMBO	mode4DC	500.0	120.0	60000.0	120000.0	-60000.0
VCT-00030	GLG	PT*GLG*EVCT*00030*01	iec62196T2COMBO	mode4DC	500.0	120.0	60000.0	120000.0	-60000.0
STC-00012	TRK	PT*TRK*E*STC*00012*01	iec62196T2COMBO	mode4DC	400.0	230.0	92000.0	150000.0	-58000.0
STC-00012	TRK	PT*TRK*E*STC*00012*02	iec62196T2COMBO	mode4DC	400.0	230.0	92000.0	150000.0	-58000.0
LLE-00201	GLP	PT*GLP*ELLE*00201*01	iec62196T2COMBO	mode4DC	500.0	125.0	62500.0	120000.0	-57500.0
LLE-00202	GLP	PT*GLP*ELLE*00202*01	iec62196T2COMBO	mode4DC	500.0	125.0	62500.0	120000.0	-57500.0
LLE-00203	GLP	PT*GLP*ELLE*00203*01	iec62196T2COMBO	mode4DC	500.0	125.0	62500.0	120000.0	-57500.0
LLE-00204	GLP	PT*GLP*ELLE*00204*01	iec62196T2COMBO	mode4DC	500.0	125.0	62500.0	120000.0	-57500.0
LLE-00205	GLP	PT*GLP*ELLE*00205*01	iec62196T2COMBO	mode4DC	500.0	125.0	62500.0	120000.0	-57500.0
LLE-00207	GLP	PT*GLP*ELLE*00207*01	iec62196T2COMBO	mode4DC	500.0	125.0	62500.0	120000.0	-57500.0
LLE-00209	GLP	PT*GLP*ELLE*00209*01	iec62196T2COMBO	mode4DC	500.0	125.0	62500.0	120000.0	-57500.0
LLE-00210	GLP	PT*GLP*ELLE*00210*01	iec62196T2COMBO	mode4DC	500.0	125.0	62500.0	120000.0	-57500.0
LLE-00211	GLP	PT*GLP*ELLE*00211*01	iec62196T2COMBO	mode4DC	500.0	125.0	62500.0	120000.0	-57500.0
VRL-00032	EDP	PT*EDP*E*VRL*00032*01	iec62196T2COMBO	mode4DC	400.0	235.0	94000.0	150000.0	-56000.0
VRL-00032	EDP	PT*EDP*E*VRL*00032*02	iec62196T2COMBO	mode4DC	400.0	235.0	94000.0	150000.0	-56000.0
PRT-00160	MOO	PT*MOO*E*PRT*00160*01	iec62196T2COMBO	mode4DC	500.0	250.0	125000.0	180000.0	-55000.0
PTM-00046	EVP	PT*EVP*E*PTM*00046*01	iec62196T2COMBO	mode4DC	1000.0	125.0	125000.0	180000.0	-55000.0
PTM-00046	EVP	PT*EVP*E*PTM*00046*02	iec62196T2COMBO	mode4DC	1000.0	125.0	125000.0	180000.0	-55000.0
SRP-00004	EVP	PT*EVP*E*SRP*00004*01	iec62196T2COMBO	mode4DC	1000.0	125.0	125000.0	180000.0	-55000.0
SRP-00004	EVP	PT*EVP*E*SRP*00004*02	iec62196T2COMBO	mode4DC	1000.0	125.0	125000.0	180000.0	-55000.0
CTB-00027	HRZ	PT*HRZ*E*CTB*00027*04	iec62196T2COMBO	mode4DC	500.0	300.0	150000.0	200000.0	-50000.0
CTB-00027	HRZ	PT*HRZ*E*CTB*00027*05	iec62196T2COMBO	mode4DC	500.0	300.0	150000.0	200000.0	-50000.0
EVR-00022	MOO	PT*MOO*E*EVR*00022*01	iec62196T2COMBO	mode4DC	500.0	500.0	250000.0	300000.0	-50000.0
EVR-00022	MOO	PT*MOO*E*EVR*00022*02	iec62196T2COMBO	mode4DC	500.0	500.0	250000.0	300000.0	-50000.0
MTJ-00035	HRZ	PT*HRZ*E*MTJ*00035*04	iec62196T2COMBO	mode4DC	500.0	200.0	100000.0	150000.0	-50000.0
MTJ-00035	HRZ	PT*HRZ*E*MTJ*00035*05	iec62196T2COMBO	mode4DC	500.0	200.0	100000.0	150000.0	-50000.0
NZR-00025	HRZ	PT*HRZ*E*NZR*00025*02	iec62196T2COMBO	mode4DC	500.0	200.0	100000.0	150000.0	-50000.0
ODV-00018	HRZ	PT*HRZ*E*ODV*00018*01	iec62196T2COMBO	mode4DC	500.0	300.0	150000.0	200000.0	-50000.0
ODV-00018	HRZ	PT*HRZ*E*ODV*00018*02	iec62196T2COMBO	mode4DC	500.0	300.0	150000.0	200000.0	-50000.0
STC-00009	HRZ	PT*HRZ*E*STC*00009*03	iec62196T2COMBO	mode4DC	500.0	200.0	100000.0	150000.0	-50000.0
STC-00009	HRZ	PT*HRZ*E*STC*00009*04	iec62196T2COMBO	mode4DC	500.0	200.0	100000.0	150000.0	-50000.0
VLG-00024	HRZ	PT*HRZ*E*VLG*00024*03	iec62196T2COMBO	mode4DC	500.0	200.0	100000.0	150000.0	-50000.0
VLG-00024	HRZ	PT*HRZ*E*VLG*00024*04	iec62196T2COMBO	mode4DC	500.0	200.0	100000.0	150000.0	-50000.0
VLG-00024	HRZ	PT*HRZ*E*VLG*00024*05	iec62196T2COMBO	mode4DC	500.0	200.0	100000.0	150000.0	-50000.0
VRL-00015	HRZ	PT*HRZ*E*VRL*00015*01	iec62196T2COMBO	mode4DC	500.0	200.0	100000.0	150000.0	-50000.0
VRL-00015	HRZ	PT*HRZ*E*VRL*00015*02	iec62196T2COMBO	mode4DC	500.0	200.0	100000.0	150000.0	-50000.0
CSC-00198	EDP	PT*EDP*E*CSC*00198*01	iec62196T2COMBO	mode4DC	400.0	185.0	74000.0	120000.0	-46000.0
CSC-00198	EDP	PT*EDP*E*CSC*00198*02	iec62196T2COMBO	mode4DC	400.0	185.0	74000.0	120000.0	-46000.0
LGA-00025	EDP	PT*EDP*E*LGA*00025*01	iec62196T2COMBO	mode4DC	400.0	185.0	74000.0	120000.0	-46000.0
LGA-00025	EDP	PT*EDP*E*LGA*00025*02	iec62196T2COMBO	mode4DC	400.0	185.0	74000.0	120000.0	-46000.0
SXL-00030	GLP	PT*GLP*ESXL*00030*01	iec62196T2COMBO	mode4DC	500.0	90.0	45000.0	90000.0	-45000.0
SSB-00010	PRI	PT*PRI*E*SSB*00010*01	iec62196T2COMBO	mode4DC	500.0	12.0	6000.0	50000.0	-44000.0
LRA-00075	HRZ	PT*HRZ*E*LRA*00075*04	iec62196T2COMBO	mode4DC	500.0	125.0	62500.0	100000.0	-37500.0
LSB-00491	HRZ	PT*HRZ*E*LSB*00491*02	iec62196T2COMBO	mode4DC	500.0	125.0	62500.0	100000.0	-37500.0
EPS-00005	VEI	PT*VEI*E*EPS*00005*01	chademo	mode4DC	400.0	63.0	25200.0	60000.0	-34800.0
EPS-00005	VEI	PT*VEI*E*EPS*00005*02	iec62196T2COMBO	mode4DC	400.0	63.0	25200.0	60000.0	-34800.0
PRT-00211	VEI	PT*VEI*E*PRT*00211*01	chademo	mode4DC	400.0	63.0	25200.0	60000.0	-34800.0
PRT-00211	VEI	PT*VEI*E*PRT*00211*02	iec62196T2COMBO	mode4DC	400.0	63.0	25200.0	60000.0	-34800.0
VCD-00040	VEI	PT*VEI*E*VCD*00040*01	chademo	mode4DC	400.0	63.0	25200.0	60000.0	-34800.0
VCD-00040	VEI	PT*VEI*E*VCD*00040*02	iec62196T2COMBO	mode4DC	400.0	63.0	25200.0	60000.0	-34800.0
MLD-00047	REP	PT*REP*E16787*1	iec62196T2COMBO	mode4DC	400.0	40.0	16000.0	50000.0	-34000.0
ACB-00010	HRZ	PT*HRZ*E*ACB*00010*04	iec62196T2COMBO	mode4DC	500.0	300.0	150000.0	180000.0	-30000.0
ACB-00010	HRZ	PT*HRZ*E*ACB*00010*05	iec62196T2COMBO	mode4DC	500.0	300.0	150000.0	180000.0	-30000.0
CSC-00413	GLP	PT*GLP*ECSC*00413*03	iec62196T2	mode2AC1p	400.0	63.0	15100.0	43000.0	-27900.0
LSB-00316	EDP	PT*EDP*ELSB*00316*3	iec62196T2	mode2AC1p	400.0	63.0	15100.0	43000.0	-27900.0
LSB-00317	EDP	PT*EDP*ELSB*00317*3	iec62196T2	mode2AC1p	400.0	63.0	15100.0	43000.0	-27900.0
NZR-00015	EDP	PT*EDP*ENZR*00015*3	iec62196T2	mode2AC1p	400.0	63.0	15100.0	43000.0	-27900.0
PNL-00002	EDP	PT*EDP*EPNL*00002*3	iec62196T2	mode2AC1p	400.0	63.0	15100.0	43000.0	-27900.0
PRT-00074	EDP	PT*EDP*EPRT*00074*3	iec62196T2	mode2AC1p	400.0	63.0	15100.0	43000.0	-27900.0
PRT-00075	EDP	PT*EDP*EPRT*00075*3	iec62196T2	mode2AC1p	400.0	63.0	15100.0	43000.0	-27900.0
PRT-00076	EDP	PT*EDP*EPRT*00076*3	iec62196T2	mode2AC1p	400.0	63.0	15100.0	43000.0	-27900.0
PRT-00077	EDP	PT*EDP*EPRT*00077*3	iec62196T2	mode2AC1p	400.0	63.0	15100.0	43000.0	-27900.0
PRT-00078	EDP	PT*EDP*EPRT*00078*3	iec62196T2	mode2AC1p	400.0	63.0	15100.0	43000.0	-27900.0
PRT-00079	EDP	PT*EDP*EPRT*00079*3	iec62196T2	mode2AC1p	400.0	63.0	15100.0	43000.0	-27900.0
PRT-00084	EDP	PT*EDP*EPRT*00084*3	iec62196T2	mode2AC1p	400.0	63.0	15100.0	43000.0	-27900.0
PRT-00089	EDP	PT*EDP*EPRT*00089*3	iec62196T2	mode2AC1p	400.0	63.0	15100.0	43000.0	-27900.0
PRT-00090	EDP	PT*EDP*EPRT*00090*3	iec62196T2	mode2AC1p	400.0	63.0	15100.0	43000.0	-27900.0
AMD-00048	MOO	PT*MOO*E*AMD*00048*1	iec62196T2COMBO	mode4DC	500.0	32.0	16000.0	43000.0	-27000.0
MTJ-00037	MOT	PT*MOT*E*MTJ*00037*01	iec62196T2COMBO	mode4DC	400.0	87.0	34800.0	60000.0	-25200.0
MTJ-00037	MOT	PT*MOT*E*MTJ*00037*02	iec62196T2COMBO	mode4DC	400.0	87.0	34800.0	60000.0	-25200.0
PFR-00015	MOT	PT*MOT*E*PFR*00015*01	iec62196T2COMBO	mode4DC	400.0	87.0	34800.0	60000.0	-25200.0
PFR-00015	MOT	PT*MOT*E*PFR*00015*02	iec62196T2COMBO	mode4DC	400.0	87.0	34800.0	60000.0	-25200.0
GRD-00021	NRG	PT*NRG*E*GRD*00021*02	chademo	mode4DC	500.0	150.0	75000.0	100000.0	-25000.0
MOBI-PRT-00089	MOO	PT*MOO*E*MOBI*PRT*00089*01	iec62196T2COMBO	mode4DC	400.0	125.0	50000.0	75000.0	-25000.0
MOBI-PRT-00089	MOO	PT*MOO*E*MOBI*PRT*00089*02	chademo	mode4DC	400.0	125.0	50000.0	75000.0	-25000.0
VLG-00024	HRZ	PT*HRZ*E*VLG*00024*06	iec62196T2COMBO	mode4DC	500.0	250.0	125000.0	150000.0	-25000.0
MLD-00013	EZU	PT*EZU*E*MLD*00013*01	chademo	mode4DC	400.0	63.0	25200.0	50000.0	-24800.0
VND-00005	VEI	PT*VEI*E*VND*00005*01	iec62196T2COMBO	mode4DC	400.0	63.0	25200.0	50000.0	-24800.0
VND-00005	VEI	PT*VEI*E*VND*00005*02	chademo	mode4DC	400.0	63.0	25200.0	50000.0	-24800.0
TVD-00089	HLX	PT*HLX*E*TVD*00089*02	iec62196T2COMBO	mode4DC	240.0	150.0	36000.0	60000.0	-24000.0
PCV-00005	TRK	PT*TRK*E*PCV*00005*01	iec62196T2COMBO	mode4DC	400.0	91.0	36400.0	60000.0	-23600.0
PCV-00005	TRK	PT*TRK*E*PCV*00005*01	chademo	mode4DC	400.0	91.0	36400.0	60000.0	-23600.0
VNT-00006	TRK	PT*TRK*E*VNT*00006*01	iec62196T2COMBO	mode4DC	400.0	91.0	36400.0	60000.0	-23600.0
VNT-00006	TRK	PT*TRK*E*VNT*00006*02	iec62196T2COMBO	mode4DC	400.0	91.0	36400.0	60000.0	-23600.0
CSC-00216	EDP	PT*EDP*E*CSC*00216*01	iec62196T2COMBO	mode4DC	400.0	93.0	37200.0	60000.0	-22800.0
CSC-00216	EDP	PT*EDP*E*CSC*00216*02	iec62196T2COMBO	mode4DC	400.0	93.0	37200.0	60000.0	-22800.0
CSC-00217	EDP	PT*EDP*E*CSC*00217*01	iec62196T2COMBO	mode4DC	400.0	93.0	37200.0	60000.0	-22800.0
CSC-00217	EDP	PT*EDP*E*CSC*00217*02	iec62196T2COMBO	mode4DC	400.0	93.0	37200.0	60000.0	-22800.0
CSC-00339	TRK	PT*TRK*E*CSC*00339*01	iec62196T2COMBO	mode4DC	400.0	320.0	128000.0	150000.0	-22000.0
CSC-00339	TRK	PT*TRK*E*CSC*00339*02	iec62196T2COMBO	mode4DC	400.0	320.0	128000.0	150000.0	-22000.0
OFR-00008	TRK	PT*TRK*E*OFR*00008*01	iec62196T2COMBO	mode4DC	400.0	320.0	128000.0	150000.0	-22000.0
OFR-00008	TRK	PT*TRK*E*OFR*00008*02	iec62196T2COMBO	mode4DC	400.0	320.0	128000.0	150000.0	-22000.0
PCV-00006	TRK	PT*TRK*E*PCV*00006*01	iec62196T2COMBO	mode4DC	400.0	320.0	128000.0	150000.0	-22000.0
PCV-00006	TRK	PT*TRK*E*PCV*00006*02	iec62196T2COMBO	mode4DC	400.0	320.0	128000.0	150000.0	-22000.0
MLD-00046	REP	PT*REP*E16786*1	chademo	mode4DC	400.0	72.0	28800.0	50000.0	-21200.0
MLD-00046	REP	PT*REP*E16786*2	iec62196T2COMBO	mode4DC	400.0	72.0	28800.0	50000.0	-21200.0
AND-00014	ALF	PT*ALF*E*AND*00014*01	iec62196T2COMBO	mode4DC	415.0	48.0	19900.0	40000.0	-20100.0
AND-00014	ALF	PT*ALF*E*AND*00014*02	iec62196T2COMBO	mode4DC	415.0	48.0	19900.0	40000.0	-20100.0
ARV-00009	GLP	PT*GLP*EARV*00009*02	iec62196T2COMBO	mode4DC	500.0	200.0	100000.0	120000.0	-20000.0
AVR-00039	GLG	PT*GLG*EAVR*00039*01	iec62196T2COMBO	mode4DC	500.0	200.0	100000.0	120000.0	-20000.0
BRG-00080	GLG	PT*GLG*EBRG*00080*01	iec62196T2COMBO	mode4DC	500.0	200.0	100000.0	120000.0	-20000.0
CBR-00044	MOT	PT*MOT*E*CBR*00044*02	chademo	mode4DC	500.0	60.0	30000.0	50000.0	-20000.0
FIG-00019	GLG	PT*GLG*EFIG*00019*01	iec62196T2COMBO	mode4DC	500.0	200.0	100000.0	120000.0	-20000.0
GRD-00020	GLG	PT*GLG*EGRD*00020*01	iec62196T2COMBO	mode4DC	500.0	200.0	100000.0	120000.0	-20000.0
MLD-00047	REP	PT*REP*E16787*2	chademo	mode4DC	400.0	75.0	30000.0	50000.0	-20000.0
PRD-00010	GLG	PT*GLG*EPRD*00010*01	iec62196T2COMBO	mode4DC	500.0	200.0	100000.0	120000.0	-20000.0
PRT-00098	GLP	PT*GLP*EPRT*00098*03	iec62196T2	mode3AC3p	400.0	32.0	23000.0	43000.0	-20000.0
PRT-00099	GLP	PT*GLP*EPRT*00099*03	iec62196T2	mode3AC3p	400.0	32.0	23000.0	43000.0	-20000.0
TMR-00007	PLG	PT*PLG*E*TMR*00007*01	iec62196T2COMBO	mode4DC	500.0	60.0	30000.0	50000.0	-20000.0
VCD-00012	GLG	PT*GLG*EVCD*00012*01	iec62196T2COMBO	mode4DC	500.0	200.0	100000.0	120000.0	-20000.0
VCD-00014	GLG	PT*GLG*EVCD*00014*01	iec62196T2COMBO	mode4DC	500.0	200.0	100000.0	120000.0	-20000.0
VFR-00075	GLP	PT*GLP*EVFR*00075*03	iec62196T2	mode3AC3p	400.0	32.0	23000.0	43000.0	-20000.0
VIS-00044	GLG	PT*GLG*EVIS*00044*01	iec62196T2COMBO	mode4DC	500.0	200.0	100000.0	120000.0	-20000.0
VLG-00017	GLG	PT*GLG*EVLG*00017*01	iec62196T2COMBO	mode4DC	500.0	200.0	100000.0	120000.0	-20000.0
VNF-00018	CEV	PT*CEV*E*VNF*00018*03	iec62196T2	mode3AC3p	400.0	32.0	23000.0	43000.0	-20000.0
VNG-00082	GLG	PT*GLG*EVNG*00082*01	iec62196T2COMBO	mode4DC	500.0	200.0	100000.0	120000.0	-20000.0
VNG-00162	GLP	PT*GLP*EVNG*00162*01	iec62196T2COMBO	mode4DC	500.0	200.0	100000.0	120000.0	-20000.0
AMT-00011	EDP	PT*EDP*E*AMT*00011*01	chademo	mode4DC	500.0	63.0	31500.0	50000.0	-18500.0
AMT-00011	EDP	PT*EDP*E*AMT*00011*02	iec62196T2COMBO	mode4DC	500.0	63.0	31500.0	50000.0	-18500.0
AVV-00003	EVC	PT*EVC*E*AVV*00003*01	iec62196T2COMBO	mode4DC	500.0	63.0	31500.0	50000.0	-18500.0
AVV-00003	EVC	PT*EVC*E*AVV*00003*02	chademo	mode4DC	500.0	63.0	31500.0	50000.0	-18500.0
LLE-00058	LCG	PT*LCG*E*LLE*00058*01	chademo	mode4DC	500.0	63.0	31500.0	50000.0	-18500.0
LLE-00058	LCG	PT*LCG*E*LLE*00058*02	iec62196T2COMBO	mode4DC	500.0	63.0	31500.0	50000.0	-18500.0
LSB-00400	EDP	PT*EDP*E*LSB*00400*02	iec62196T2COMBO	mode4DC	500.0	63.0	31500.0	50000.0	-18500.0
MAI-00021	EDP	PT*EDP*E*MAI*00021*01	chademo	mode4DC	500.0	63.0	31500.0	50000.0	-18500.0
MAI-00021	EDP	PT*EDP*E*MAI*00021*02	iec62196T2COMBO	mode4DC	500.0	63.0	31500.0	50000.0	-18500.0
MMN-00004	VEI	PT*VEI*E*MMN*00004*01	iec62196T2COMBO	mode4DC	500.0	63.0	31500.0	50000.0	-18500.0
MMN-00004	VEI	PT*VEI*E*MMN*00004*02	chademo	mode4DC	500.0	63.0	31500.0	50000.0	-18500.0
ORM-00014	EVC	PT*EVC*E*ORM*00014*01	iec62196T2COMBO	mode4DC	500.0	63.0	31500.0	50000.0	-18500.0
ORM-00014	EVC	PT*EVC*E*ORM*00014*02	chademo	mode4DC	500.0	63.0	31500.0	50000.0	-18500.0
ORM-00015	EVC	PT*EVC*E*ORM*00015*01	iec62196T2COMBO	mode4DC	500.0	63.0	31500.0	50000.0	-18500.0
ORM-00015	EVC	PT*EVC*E*ORM*00015*02	chademo	mode4DC	500.0	63.0	31500.0	50000.0	-18500.0
PNL-00002	EDP	PT*EDP*E*PNL*00002*01	chademo	mode4DC	500.0	63.0	31500.0	50000.0	-18500.0
PNL-00002	EDP	PT*EDP*E*PNL*00002*02	iec62196T2COMBO	mode4DC	500.0	63.0	31500.0	50000.0	-18500.0
PRT-00030	EVC	PT*EVC*E*PRT*00030*1	chademo	mode4DC	500.0	63.0	31500.0	50000.0	-18500.0
PRT-00030	EVC	PT*EVC*E*PRT*00030*2	iec62196T2COMBO	mode4DC	500.0	63.0	31500.0	50000.0	-18500.0
PTM-00031	EDP	PT*EDP*E*PTM*00031*01	chademo	mode4DC	500.0	63.0	31500.0	50000.0	-18500.0
PTM-00031	EDP	PT*EDP*E*PTM*00031*02	iec62196T2COMBO	mode4DC	500.0	63.0	31500.0	50000.0	-18500.0
TRF-00013	HRZ	PT*HRZ*E*TRF*00013*03	iec62196T2COMBO	mode4DC	1000.0	32.0	32000.0	50000.0	-18000.0
CSC-00103	HRZ	PT*HRZ*E*CSC*00103*06	iec62196T2COMBO	mode4DC	500.0	125.0	62500.0	80000.0	-17500.0
VIS-00021	VIS	PT*VIS*E*VIS*00021*01	chademo	mode4DC	500.0	87.0	43500.0	60000.0	-16500.0
VIS-00021	VIS	PT*VIS*E*VIS*00021*02	iec62196T2COMBO	mode4DC	500.0	87.0	43500.0	60000.0	-16500.0
VIS-00022	VIS	PT*VIS*E*VIS*00022*01	chademo	mode4DC	500.0	87.0	43500.0	60000.0	-16500.0
VIS-00022	VIS	PT*VIS*E*VIS*00022*02	iec62196T2COMBO	mode4DC	500.0	87.0	43500.0	60000.0	-16500.0
AGD-00019	GLP	PT*GLP*EAGD*00019*01	iec62196T2	mode2AC1p	500.0	32.0	7700.0	22000.0	-14300.0
ALB-00016	GLP	PT*GLP*EALB*00016*01	iec62196T2	mode2AC1p	400.0	32.0	7700.0	22000.0	-14300.0
ALB-00016	GLP	PT*GLP*EALB*00016*02	iec62196T2	mode2AC1p	400.0	32.0	7700.0	22000.0	-14300.0
ALM-00062	HRZ	PT*HRZ*E*ALM*00062*01	iec62196T2	mode2AC1p	240.0	32.0	7700.0	22000.0	-14300.0
ALM-00062	HRZ	PT*HRZ*E*ALM*00062*02	iec62196T2	mode2AC1p	240.0	32.0	7700.0	22000.0	-14300.0
ALM-00100	GLP	PT*GLP*EALM*00100*01	iec62196T2	mode2AC1p	500.0	32.0	7700.0	22000.0	-14300.0
AMD-00109	GLP	PT*GLP*EAMD*00109*01	iec62196T2	mode2AC1p	500.0	32.0	7700.0	22000.0	-14300.0
AND-00029	GLP	PT*GLP*EAND*00029*01	iec62196T2	mode2AC1p	500.0	32.0	7700.0	22000.0	-14300.0
AVR-00093	GLP	PT*GLP*EAVR*00093*01	iec62196T2	mode2AC1p	400.0	32.0	7700.0	22000.0	-14300.0
AVV-00006	HRZ	PT*HRZ*E*AVV*00006*1	iec62196T2	mode2AC1p	240.0	32.0	7700.0	22000.0	-14300.0
BRG-00139	GLP	PT*GLP*EBRG*00139*01	iec62196T2	mode2AC1p	500.0	32.0	7700.0	22000.0	-14300.0
BRG-00140	GLP	PT*GLP*EBRG*00140*01	iec62196T2	mode2AC1p	500.0	32.0	7700.0	22000.0	-14300.0
BRG-00143	EDP	PT*EDP*EBRG*00143*3	iec62196T2	mode2AC1p	400.0	32.0	7700.0	22000.0	-14300.0
BRR-00152	GLP	PT*GLP*EBRR*00152*01	iec62196T2	mode2AC1p	400.0	32.0	7700.0	22000.0	-14300.0
BRR-00154	GLP	PT*GLP*EBRR*00154*01	iec62196T2	mode2AC1p	500.0	32.0	7700.0	22000.0	-14300.0
CLD-00039	GLP	PT*GLP*ECLD*00039*01	iec62196T2	mode2AC1p	500.0	32.0	7700.0	22000.0	-14300.0
CLD-00040	GLP	PT*GLP*ECLD*00040*01	iec62196T2	mode2AC1p	500.0	32.0	7700.0	22000.0	-14300.0
CSC-00411	GLP	PT*GLP*ECSC*00411*01	iec62196T2	mode2AC1p	500.0	32.0	7700.0	22000.0	-14300.0
CSC-00415	GLP	PT*GLP*ECSC*00415*01	iec62196T2	mode2AC1p	500.0	32.0	7700.0	22000.0	-14300.0
CSC-00416	GLP	PT*GLP*ECSC*00416*01	iec62196T2	mode2AC1p	400.0	32.0	7700.0	22000.0	-14300.0
CSC-00417	GLP	PT*GLP*ECSC*00417*01	iec62196T2	mode2AC1p	400.0	32.0	7700.0	22000.0	-14300.0
CTB-00060	GLP	PT*GLP*ECTB*00060*01	iec62196T2	mode2AC1p	500.0	32.0	7700.0	22000.0	-14300.0
CVL-00048	GLP	PT*GLP*ECVL*00048*01	iec62196T2	mode2AC1p	500.0	32.0	7700.0	22000.0	-14300.0
CVR-00008	GLP	PT*GLP*ECVR*00008*01	iec62196T2	mode2AC1p	500.0	32.0	7700.0	22000.0	-14300.0
CVR-00009	GLP	PT*GLP*ECVR*00009*01	iec62196T2	mode2AC1p	500.0	32.0	7700.0	22000.0	-14300.0
ETZ-90001	EDP	PT*EDP*E*ETZ*90001*01	iec62196T2	mode2AC1p	240.0	32.0	7700.0	22000.0	-14300.0
EVR-80003	GLP	PT*GLP*EEVR*80003*01	iec62196T2	mode2AC1p	400.0	32.0	7700.0	22000.0	-14300.0
EVR-80003	GLP	PT*GLP*EEVR*80003*02	iec62196T2	mode2AC1p	400.0	32.0	7700.0	22000.0	-14300.0
FLG-00026	GLP	PT*GLP*EFLG*00026*01	iec62196T2	mode2AC1p	500.0	32.0	7700.0	22000.0	-14300.0
FND-00028	GLP	PT*GLP*EFND*00028*01	iec62196T2	mode2AC1p	500.0	32.0	7700.0	22000.0	-14300.0
GDM-00025	EDP	PT*EDP*E*GDM*00025*01	iec62196T2	mode2AC1p	400.0	32.0	7700.0	22000.0	-14300.0
GDM-00025	EDP	PT*EDP*E*GDM*00025*02	iec62196T2	mode2AC1p	400.0	32.0	7700.0	22000.0	-14300.0
GDM-00026	EDP	PT*EDP*E*GDM*00026*01	iec62196T2	mode2AC1p	400.0	32.0	7700.0	22000.0	-14300.0
GDM-00026	EDP	PT*EDP*E*GDM*00026*02	iec62196T2	mode2AC1p	400.0	32.0	7700.0	22000.0	-14300.0
GDM-00060	GLP	PT*GLP*EGDM*00060*01	iec62196T2	mode2AC1p	500.0	32.0	7700.0	22000.0	-14300.0
GDM-00061	GLP	PT*GLP*EGDM*00061*01	iec62196T2	mode2AC1p	400.0	32.0	7700.0	22000.0	-14300.0
GMR-00149	GLP	PT*GLP*EGMR*00149*01	iec62196T2	mode2AC1p	500.0	32.0	7700.0	22000.0	-14300.0
LGS-00013	GLP	PT*GLP*ELGS*00013*02	iec62196T2	mode2AC1p	240.0	32.0	7700.0	22000.0	-14300.0
LGS-00014	GLP	PT*GLP*ELGS*00014*02	iec62196T2	mode2AC1p	240.0	32.0	7700.0	22000.0	-14300.0
LOU-00011	GLP	PT*GLP*ELOU*00011*01	iec62196T2	mode2AC1p	500.0	32.0	7700.0	22000.0	-14300.0
LRA-00156	GLP	PT*GLP*ELRA*00156*01	iec62196T2	mode2AC1p	400.0	32.0	7700.0	22000.0	-14300.0
LSA-00011	GLP	PT*GLP*ELSA*00011*01	iec62196T2	mode2AC1p	500.0	32.0	7700.0	22000.0	-14300.0
LSB-00601	HRZ	PT*HRZ*E*LSB*00601*01	iec62196T2	mode2AC1p	240.0	32.0	7700.0	22000.0	-14300.0
LSB-00601	HRZ	PT*HRZ*E*LSB*00601*02	iec62196T2	mode2AC1p	240.0	32.0	7700.0	22000.0	-14300.0
LSB-00602	HRZ	PT*HRZ*E*LSB*00602*01	iec62196T2	mode2AC1p	240.0	32.0	7700.0	22000.0	-14300.0
LSB-00602	HRZ	PT*HRZ*E*LSB*00602*02	iec62196T2	mode2AC1p	240.0	32.0	7700.0	22000.0	-14300.0
LSB-00607	HRZ	PT*HRZ*E*LSB*00607*01	iec62196T2	mode2AC1p	240.0	32.0	7700.0	22000.0	-14300.0
LSB-00607	HRZ	PT*HRZ*E*LSB*00607*02	iec62196T2	mode2AC1p	240.0	32.0	7700.0	22000.0	-14300.0
LSB-00608	HRZ	PT*HRZ*E*LSB*00608*01	iec62196T2	mode2AC1p	240.0	32.0	7700.0	22000.0	-14300.0
LSB-00608	HRZ	PT*HRZ*E*LSB*00608*02	iec62196T2	mode2AC1p	240.0	32.0	7700.0	22000.0	-14300.0
LSB-00976	GLP	PT*GLP*ELSB*00976*01	iec62196T2	mode2AC1p	400.0	32.0	7700.0	22000.0	-14300.0
LSB-90097	EDP	PT*EDP*E*LSB*90097*2	iec62196T2	mode2AC1p	240.0	32.0	7700.0	22000.0	-14300.0
MCD-00007	GLP	PT*GLP*EMCD*00007*01	iec62196T2	mode2AC1p	500.0	32.0	7700.0	22000.0	-14300.0
MCN-00020	GLP	PT*GLP*EMCN*00020*01	iec62196T2	mode2AC1p	500.0	32.0	7700.0	22000.0	-14300.0
MCV-00006	GLP	PT*GLP*EMCV*00006*01	iec62196T2	mode2AC1p	500.0	32.0	7700.0	22000.0	-14300.0
MFR-00048	GLP	PT*GLP*EMFR*00048*01	iec62196T2	mode2AC1p	400.0	32.0	7700.0	22000.0	-14300.0
MFR-00049	GLP	PT*GLP*EMFR*00049*01	iec62196T2	mode2AC1p	500.0	32.0	7700.0	22000.0	-14300.0
MFR-00050	GLP	PT*GLP*EMFR*00050*01	iec62196T2	mode2AC1p	500.0	32.0	7700.0	22000.0	-14300.0
MGL-00019	GLP	PT*GLP*EMGL*00019*01	iec62196T2	mode2AC1p	500.0	32.0	7700.0	22000.0	-14300.0
MMN-00016	GLP	PT*GLP*EMMN*00016*01	iec62196T2	mode2AC1p	400.0	32.0	7700.0	22000.0	-14300.0
MTL-00003	GLP	PT*GLP*EMTL*00003*01	iec62196T2	mode2AC1p	400.0	32.0	7700.0	22000.0	-14300.0
MTS-00186	GLP	PT*GLP*EMTS*00186*01	iec62196T2	mode2AC1p	400.0	32.0	7700.0	22000.0	-14300.0
MTS-00187	GLP	PT*GLP*EMTS*00187*01	iec62196T2	mode2AC1p	500.0	32.0	7700.0	22000.0	-14300.0
OAZ-00022	GLP	PT*GLP*EOAZ*00022*01	iec62196T2	mode2AC1p	500.0	32.0	7700.0	22000.0	-14300.0
ODV-00050	GLP	PT*GLP*EODV*00050*01	iec62196T2	mode2AC1p	400.0	32.0	7700.0	22000.0	-14300.0
OER-00256	GLP	PT*GLP*EOER*00256*01	iec62196T2	mode2AC1p	500.0	32.0	7700.0	22000.0	-14300.0
OHP-00022	GLP	PT*GLP*EOHP*00022*01	iec62196T2	mode2AC1p	500.0	32.0	7700.0	22000.0	-14300.0
PCV-00007	GLP	PT*GLP*EPCV*00007*01	iec62196T2	mode2AC1p	500.0	32.0	7700.0	22000.0	-14300.0
PFR-00023	GLP	PT*GLP*EPFR*00023*01	iec62196T2	mode2AC1p	500.0	32.0	7700.0	22000.0	-14300.0
PLM-00030	EDP	PT*EDP*E*PLM*00030*01	iec62196T2	mode2AC1p	230.0	32.0	7700.0	22000.0	-14300.0
PLM-00030	EDP	PT*EDP*E*PLM*00030*02	iec62196T2	mode2AC1p	230.0	32.0	7700.0	22000.0	-14300.0
PLM-00051	GLP	PT*GLP*EPLM*00051*01	iec62196T2	mode2AC1p	500.0	32.0	7700.0	22000.0	-14300.0
PMZ-00004	FAC	PT*FAC*E*PMZ*00004*01	iec62196T2	mode2AC1p	240.0	32.0	7700.0	22000.0	-14300.0
PMZ-00004	FAC	PT*FAC*E*PMZ*00004*02	iec62196T2	mode2AC1p	240.0	32.0	7700.0	22000.0	-14300.0
PRT-00200	MAK	PT*MAK*E*PRT*00200*01	iec62196T2	mode2AC1p	400.0	32.0	7700.0	22000.0	-14300.0
PRT-00201	MAK	PT*MAK*E*PRT*00201*01	iec62196T2	mode2AC1p	400.0	32.0	7700.0	22000.0	-14300.0
PRT-00202	MAK	PT*MAK*E*PRT*00202*01	iec62196T2	mode2AC1p	400.0	32.0	7700.0	22000.0	-14300.0
PRT-00203	MAK	PT*MAK*E*PRT*00203*01	iec62196T2	mode2AC1p	400.0	32.0	7700.0	22000.0	-14300.0
PRT-00204	MAK	PT*MAK*E*PRT*00204*01	iec62196T2	mode2AC1p	400.0	32.0	7700.0	22000.0	-14300.0
PRT-00205	MAK	PT*MAK*E*PRT*00205*01	iec62196T2	mode2AC1p	400.0	32.0	7700.0	22000.0	-14300.0
PRT-00206	MAK	PT*MAK*E*PRT*00206*01	iec62196T2	mode2AC1p	400.0	32.0	7700.0	22000.0	-14300.0
PRT-00207	MAK	PT*MAK*E*PRT*00207*01	iec62196T2	mode2AC1p	400.0	32.0	7700.0	22000.0	-14300.0
PRT-00208	MAK	PT*MAK*E*PRT*00208*01	iec62196T2	mode2AC1p	400.0	32.0	7700.0	22000.0	-14300.0
PRT-00313	GLP	PT*GLP*EPRT*00313*01	iec62196T2	mode2AC1p	500.0	32.0	7700.0	22000.0	-14300.0
PRT-00314	GLP	PT*GLP*EPRT*00314*01	iec62196T2	mode2AC1p	500.0	32.0	7700.0	22000.0	-14300.0
PTM-00039	REP	PT*REP*E*PTM*00039*1	iec62196T2	mode2AC1p	400.0	32.0	7700.0	22000.0	-14300.0
PVL-00007	GLP	PT*GLP*EPVL*00007*01	iec62196T2	mode2AC1p	500.0	32.0	7700.0	22000.0	-14300.0
RMR-00014	GLP	PT*GLP*ERMR*00014*01	iec62196T2	mode2AC1p	500.0	32.0	7700.0	22000.0	-14300.0
RMZ-00009	GLP	PT*GLP*ERMZ*00009*01	iec62196T2	mode2AC1p	500.0	32.0	7700.0	22000.0	-14300.0
SCD-00012	GLP	PT*GLP*ESCD*00012*01	iec62196T2	mode2AC1p	500.0	32.0	7700.0	22000.0	-14300.0
SEI-90001	HRZ	PT*HRZ*E*SEI*90001*01	iec62196T2	mode2AC1p	400.0	32.0	7700.0	22000.0	-14300.0
SEI-90001	HRZ	PT*HRZ*E*SEI*90001*02	iec62196T2	mode2AC1p	400.0	32.0	7700.0	22000.0	-14300.0
SJM-00050	GLP	PT*GLP*ESJM*00050*01	iec62196T2	mode2AC1p	500.0	32.0	7700.0	22000.0	-14300.0
SJM-00051	GLP	PT*GLP*ESJM*00051*01	iec62196T2	mode2AC1p	500.0	32.0	7700.0	22000.0	-14300.0
SNT-00192	GLP	PT*GLP*ESNT*00192*01	iec62196T2	mode2AC1p	500.0	32.0	7700.0	22000.0	-14300.0
SNT-00193	GLP	PT*GLP*ESNT*00193*01	iec62196T2	mode2AC1p	500.0	32.0	7700.0	22000.0	-14300.0
SNT-00194	GLP	PT*GLP*ESNT*00194*01	iec62196T2	mode2AC1p	400.0	32.0	7700.0	22000.0	-14300.0
SNT-00195	GLP	PT*GLP*ESNT*00195*01	iec62196T2	mode2AC1p	400.0	32.0	7700.0	22000.0	-14300.0
SNT-00198	GLP	PT*GLP*ESNT*00198*01	iec62196T2	mode2AC1p	400.0	32.0	7700.0	22000.0	-14300.0
SNT-00199	GLP	PT*GLP*ESNT*00199*01	iec62196T2	mode2AC1p	500.0	32.0	7700.0	22000.0	-14300.0
SVV-00005	GLP	PT*GLP*ESVV*00005*01	iec62196T2	mode2AC1p	500.0	32.0	7700.0	22000.0	-14300.0
SXL-00070	GLP	PT*GLP*ESXL*00070*01	iec62196T2	mode2AC1p	400.0	32.0	7700.0	22000.0	-14300.0
SXL-00072	GLP	PT*GLP*ESXL*00072*01	iec62196T2	mode2AC1p	400.0	32.0	7700.0	22000.0	-14300.0
TBU-00009	GLP	PT*GLP*ETBU*00009*01	iec62196T2	mode2AC1p	500.0	32.0	7700.0	22000.0	-14300.0
TND-00013	GLP	PT*GLP*ETND*00013*01	iec62196T2	mode2AC1p	500.0	32.0	7700.0	22000.0	-14300.0
TVD-00017	MLT	PT*MLT*ETVD*00017*01	iec62196T2	mode2AC1p	240.0	32.0	7700.0	22000.0	-14300.0
TVD-00017	MLT	PT*MLT*E*TVD*00017*1	iec62196T2	mode2AC1p	240.0	32.0	7700.0	22000.0	-14300.0
TVD-00018	MLT	PT*MLT*ETVD*00018*01	iec62196T2	mode2AC1p	240.0	32.0	7700.0	22000.0	-14300.0
TVD-00018	MLT	PT*MLT*E*TVD*00018*1	iec62196T2	mode2AC1p	240.0	32.0	7700.0	22000.0	-14300.0
VCT-00066	GLP	PT*GLP*EVCT*00066*01	iec62196T2	mode2AC1p	500.0	32.0	7700.0	22000.0	-14300.0
VFR-00097	GLP	PT*GLP*EVFR*00097*01	iec62196T2	mode2AC1p	400.0	32.0	7700.0	22000.0	-14300.0
VFX-00097	GLP	PT*GLP*EVFX*00097*01	iec62196T2	mode2AC1p	400.0	32.0	7700.0	22000.0	-14300.0
VFX-00098	GLP	PT*GLP*EVFX*00098*01	iec62196T2	mode2AC1p	500.0	32.0	7700.0	22000.0	-14300.0
VIZ-00015	GLP	PT*GLP*EVIZ*00015*01	iec62196T2	mode2AC1p	400.0	32.0	7700.0	22000.0	-14300.0
VLC-00014	GLP	PT*GLP*EVLC*00014*01	iec62196T2	mode2AC1p	500.0	32.0	7700.0	22000.0	-14300.0
VLG-00026	HRZ	PT*HRZ*E*VLG*00026*01	iec62196T2	mode2AC1p	240.0	32.0	7700.0	22000.0	-14300.0
VLG-00026	HRZ	PT*HRZ*E*VLG*00026*02	iec62196T2	mode2AC1p	240.0	32.0	7700.0	22000.0	-14300.0
VLG-00027	HRZ	PT*HRZ*E*VLG*00027*01	iec62196T2	mode2AC1p	240.0	32.0	7700.0	22000.0	-14300.0
VLG-00027	HRZ	PT*HRZ*E*VLG*00027*02	iec62196T2	mode2AC1p	240.0	32.0	7700.0	22000.0	-14300.0
VLG-00051	GLP	PT*GLP*EVLG*00051*01	iec62196T2	mode2AC1p	500.0	32.0	7700.0	22000.0	-14300.0
VLG-00053	GLP	PT*GLP*EVLG*00053*01	iec62196T2	mode2AC1p	500.0	32.0	7700.0	22000.0	-14300.0
VNF-00056	GLP	PT*GLP*EVNF*00056*01	iec62196T2	mode2AC1p	400.0	32.0	7700.0	22000.0	-14300.0
VNG-00197	GLP	PT*GLP*EVNG*00197*01	iec62196T2	mode2AC1p	500.0	32.0	7700.0	22000.0	-14300.0
VNG-00198	GLP	PT*GLP*EVNG*00198*01	iec62196T2	mode2AC1p	500.0	32.0	7700.0	22000.0	-14300.0
VNG-00200	GLP	PT*GLP*EVNG*00200*01	iec62196T2	mode2AC1p	500.0	32.0	7700.0	22000.0	-14300.0
VNG-00201	GLP	PT*GLP*EVNG*00201*01	iec62196T2	mode2AC1p	500.0	32.0	7700.0	22000.0	-14300.0
VRM-00007	GLP	PT*GLP*EVRM*00007*01	iec62196T2	mode2AC1p	500.0	32.0	7700.0	22000.0	-14300.0
VVD-00023	GLP	PT*GLP*EVVD*00023*01	iec62196T2	mode2AC1p	500.0	32.0	7700.0	22000.0	-14300.0
LRS-00059	EDP	PT*EDP*E*LRS*00059*02	iec62196T2COMBO	mode4DC	500.0	72.0	36000.0	50000.0	-14000.0
NZR-00015	EDP	PT*EDP*E*NZR*00015*01	chademo	mode4DC	500.0	72.0	36000.0	50000.0	-14000.0
NZR-00015	EDP	PT*EDP*E*NZR*00015*02	iec62196T2COMBO	mode4DC	500.0	72.0	36000.0	50000.0	-14000.0
NZR-00016	EDP	PT*EDP*E*NZR*00016*01	chademo	mode4DC	500.0	72.0	36000.0	50000.0	-14000.0
NZR-00016	EDP	PT*EDP*E*NZR*00016*02	iec62196T2COMBO	mode4DC	500.0	72.0	36000.0	50000.0	-14000.0
NZR-00017	EDP	PT*EDP*E*NZR*00017*01	chademo	mode4DC	500.0	72.0	36000.0	50000.0	-14000.0
NZR-00017	EDP	PT*EDP*E*NZR*00017*02	iec62196T2COMBO	mode4DC	500.0	72.0	36000.0	50000.0	-14000.0
NZR-00018	EDP	PT*EDP*E*NZR*00018*01	chademo	mode4DC	500.0	72.0	36000.0	50000.0	-14000.0
NZR-00018	EDP	PT*EDP*E*NZR*00018*02	iec62196T2COMBO	mode4DC	500.0	72.0	36000.0	50000.0	-14000.0
CBR-00053	MOO	PT*MOO*E*CBR*00053*01	iec62196T2COMBO	mode4DC	500.0	125.0	62500.0	75000.0	-12500.0
CBR-00053	MOO	PT*MOO*E*CBR*00053*02	iec62196T2COMBO	mode4DC	500.0	125.0	62500.0	75000.0	-12500.0
EVR-00049	HRZ	PT*HRZ*E*EVR*00049*05	iec62196T2COMBO	mode4DC	500.0	375.0	187500.0	200000.0	-12500.0
EVR-00049	HRZ	PT*HRZ*E*EVR*00049*06	iec62196T2COMBO	mode4DC	500.0	375.0	187500.0	200000.0	-12500.0
SNT-00156	HRZ	PT*HRZ*E*SNT*00156*04	iec62196T2COMBO	mode4DC	500.0	375.0	187500.0	200000.0	-12500.0
SNT-00156	HRZ	PT*HRZ*E*SNT*00156*05	iec62196T2COMBO	mode4DC	500.0	375.0	187500.0	200000.0	-12500.0
CSC-00074	HEX	PT*HEX*E*CSC*00074*01	iec62196T2	mode2AC1p	240.0	32.0	7700.0	20000.0	-12300.0
CSC-00074	HEX	PT*HEX*E*CSC*00074*02	iec62196T2	mode2AC1p	240.0	32.0	7700.0	20000.0	-12300.0
CSC-00075	HEX	PT*HEX*E*CSC*00075*01	iec62196T2	mode2AC1p	240.0	32.0	7700.0	20000.0	-12300.0
CSC-00075	HEX	PT*HEX*E*CSC*00075*02	iec62196T2	mode2AC1p	240.0	32.0	7700.0	20000.0	-12300.0
MTS-00037	IBD	PT*IBD*E*MTS*00037*01	chademo	mode4DC	500.0	63.0	31500.0	43000.0	-11500.0
MTS-00037	IBD	PT*IBD*E*MTS*00037*02	iec62196T2COMBO	mode4DC	500.0	63.0	31500.0	43000.0	-11500.0
STB-00035	GLP	PT*GLP*ESTB*00035*03	iec62196T2	mode4DC	500.0	63.0	31500.0	43000.0	-11500.0
ALM-90003	HRZ	PT*HRZ*E*ALM*90003*1	iec62196T2	mode3AC3p	400.0	16.0	11500.0	22000.0	-10500.0
ALM-90003	HRZ	PT*HRZ*E*ALM*90003*2	iec62196T2	mode3AC3p	400.0	16.0	11500.0	22000.0	-10500.0
BRG-00066	GLP	PT*GLP*EBRG*00066*03	iec62196T2	mode3AC3p	400.0	16.0	11500.0	22000.0	-10500.0
LLE-00057	LCG	PT*LCG*E*LLE*00057*02	iec62196T2	mode3AC3p	400.0	16.0	11500.0	22000.0	-10500.0
LSB-00296	MLT	PT*MLT*ELSB*00296*02	iec62196T2	mode3AC3p	400.0	16.0	11500.0	22000.0	-10500.0
LSB-00296	MLT	PT*MLT*E*LSB*00296*2	iec62196T2	mode3AC3p	400.0	16.0	11500.0	22000.0	-10500.0
OBD-00003	PRI	PT*PRI*E*OBD*00003*2	iec62196T2	mode3AC3p	400.0	16.0	11500.0	22000.0	-10500.0
TBC-00004	KLS	PT*KLS*E*TBC*00004*01	iec62196T2	mode3AC3p	400.0	16.0	11500.0	22000.0	-10500.0
TBC-00004	KLS	PT*KLS*E*TBC*00004*02	iec62196T2	mode3AC3p	400.0	16.0	11500.0	22000.0	-10500.0
VBP-00008	KLS	PT*KLS*E*VBP*00008*01	iec62196T2	mode3AC3p	400.0	16.0	11500.0	22000.0	-10500.0
VBP-00008	KLS	PT*KLS*E*VBP*00008*02	iec62196T2	mode3AC3p	400.0	16.0	11500.0	22000.0	-10500.0
VIS-00103	EDP	PT*EDP*E*VIS*00103*01	iec62196T2	mode3AC3p	400.0	16.0	11500.0	22000.0	-10500.0
VIS-00103	EDP	PT*EDP*E*VIS*00103*02	iec62196T2	mode3AC3p	400.0	16.0	11500.0	22000.0	-10500.0
ALB-00011	GLP	PT*GLP*EALB*00011*01	iec62196T2COMBO	mode4DC	550.0	200.0	110000.0	120000.0	-10000.0
ALB-00011	GLP	PT*GLP*EALB*00011*02	iec62196T2COMBO	mode4DC	550.0	200.0	110000.0	120000.0	-10000.0
AND-00005	HRZ	PT*HRZ*E*AND*00005*04	iec62196T2COMBO	mode4DC	500.0	300.0	150000.0	160000.0	-10000.0
AND-00005	HRZ	PT*HRZ*E*AND*00005*05	iec62196T2COMBO	mode4DC	500.0	300.0	150000.0	160000.0	-10000.0
BNV-00008	ATL	PT*ATL*EBNV*00008*2	iec62196T2COMBO	mode4DC	400.0	125.0	50000.0	60000.0	-10000.0
BRR-00132	ATL	PT*ATL*EBRR*00132*1	iec62196T2COMBO	mode4DC	400.0	125.0	50000.0	60000.0	-10000.0
CBR-00114	ATL	PT*ATL*ECBR*00114*1	iec62196T2COMBO	mode4DC	400.0	125.0	50000.0	60000.0	-10000.0
CBR-00114	ATL	PT*ATL*ECBR*00114*2	iec62196T2COMBO	mode4DC	400.0	125.0	50000.0	60000.0	-10000.0
CHM-00005	ATL	PT*ATL*ECHM*00005*1	iec62196T2COMBO	mode4DC	400.0	125.0	50000.0	60000.0	-10000.0
EPS-00020	GLP	PT*GLP*EEPS*00020*01	iec62196T2COMBO	mode4DC	550.0	200.0	110000.0	120000.0	-10000.0
EPS-00020	GLP	PT*GLP*EEPS*00020*02	iec62196T2COMBO	mode4DC	550.0	200.0	110000.0	120000.0	-10000.0
EPS-00023	GLP	PT*GLP*EEPS*00023*01	iec62196T2COMBO	mode4DC	550.0	200.0	110000.0	120000.0	-10000.0
EPS-00023	GLP	PT*GLP*EEPS*00023*02	iec62196T2COMBO	mode4DC	550.0	200.0	110000.0	120000.0	-10000.0
EPS-00025	GLP	PT*GLP*EEPS*00025*01	iec62196T2COMBO	mode4DC	550.0	200.0	110000.0	120000.0	-10000.0
EPS-00025	GLP	PT*GLP*EEPS*00025*02	iec62196T2COMBO	mode4DC	550.0	200.0	110000.0	120000.0	-10000.0
LRS-00056	EDP	PT*EDP*E*LRS*00056*02	iec62196T2COMBO	mode4DC	500.0	300.0	150000.0	160000.0	-10000.0
MFR-00034	ATL	PT*ATL*EMFR*00034*2	iec62196T2COMBO	mode4DC	400.0	125.0	50000.0	60000.0	-10000.0
MGL-00006	GLG	PT*GLG*EMGL*00006*01	iec62196T2COMBO	mode4DC	550.0	200.0	110000.0	120000.0	-10000.0
MGL-00006	GLG	PT*GLG*EMGL*00006*02	iec62196T2COMBO	mode4DC	550.0	200.0	110000.0	120000.0	-10000.0
MLD-00013	EZU	PT*EZU*E*MLD*00013*02	iec62196T2COMBO	mode4DC	400.0	125.0	50000.0	60000.0	-10000.0
ODV-00021	ATL	PT*ATL*EODV*00021*2	iec62196T2COMBO	mode4DC	400.0	125.0	50000.0	60000.0	-10000.0
PNF-00024	GLP	PT*GLP*EPNF*00024*01	iec62196T2COMBO	mode4DC	550.0	200.0	110000.0	120000.0	-10000.0
PNF-00024	GLP	PT*GLP*EPNF*00024*02	iec62196T2COMBO	mode4DC	550.0	200.0	110000.0	120000.0	-10000.0
PNF-00025	GLP	PT*GLP*EPNF*00025*01	iec62196T2COMBO	mode4DC	550.0	200.0	110000.0	120000.0	-10000.0
PNF-00025	GLP	PT*GLP*EPNF*00025*02	iec62196T2COMBO	mode4DC	550.0	200.0	110000.0	120000.0	-10000.0
PNF-00026	GLP	PT*GLP*EPNF*00026*01	iec62196T2COMBO	mode4DC	550.0	200.0	110000.0	120000.0	-10000.0
PNF-00026	GLP	PT*GLP*EPNF*00026*02	iec62196T2COMBO	mode4DC	550.0	200.0	110000.0	120000.0	-10000.0
PNF-00029	GLP	PT*GLP*EPNF*00029*01	iec62196T2COMBO	mode4DC	550.0	200.0	110000.0	120000.0	-10000.0
PNF-00029	GLP	PT*GLP*EPNF*00029*02	iec62196T2COMBO	mode4DC	550.0	200.0	110000.0	120000.0	-10000.0
PNF-00030	GLP	PT*GLP*EPNF*00030*01	iec62196T2COMBO	mode4DC	550.0	200.0	110000.0	120000.0	-10000.0
PNF-00030	GLP	PT*GLP*EPNF*00030*02	iec62196T2COMBO	mode4DC	550.0	200.0	110000.0	120000.0	-10000.0
PNF-00031	GLP	PT*GLP*EPNF*00031*01	iec62196T2COMBO	mode4DC	550.0	200.0	110000.0	120000.0	-10000.0
PNF-00031	GLP	PT*GLP*EPNF*00031*02	iec62196T2COMBO	mode4DC	550.0	200.0	110000.0	120000.0	-10000.0
PNF-00032	GLP	PT*GLP*EPNF*00032*01	iec62196T2COMBO	mode4DC	550.0	200.0	110000.0	120000.0	-10000.0
PNF-00032	GLP	PT*GLP*EPNF*00032*02	iec62196T2COMBO	mode4DC	550.0	200.0	110000.0	120000.0	-10000.0
PNF-00033	GLP	PT*GLP*EPNF*00033*01	iec62196T2COMBO	mode4DC	550.0	200.0	110000.0	120000.0	-10000.0
PNF-00033	GLP	PT*GLP*EPNF*00033*02	iec62196T2COMBO	mode4DC	550.0	200.0	110000.0	120000.0	-10000.0
PNF-00034	GLP	PT*GLP*EPNF*00034*01	iec62196T2COMBO	mode4DC	550.0	200.0	110000.0	120000.0	-10000.0
PNF-00034	GLP	PT*GLP*EPNF*00034*02	iec62196T2COMBO	mode4DC	550.0	200.0	110000.0	120000.0	-10000.0
VFR-00080	ATL	PT*ATL*EVFR*00080*2	iec62196T2COMBO	mode4DC	400.0	125.0	50000.0	60000.0	-10000.0
VIS-00091	ATL	PT*ATL*EVIS*00091*2	iec62196T2COMBO	mode4DC	400.0	125.0	50000.0	60000.0	-10000.0
VLG-00034	ATL	PT*ATL*EVLG*00034*2	iec62196T2COMBO	mode4DC	400.0	125.0	50000.0	60000.0	-10000.0
VNF-00035	GLG	PT*GLG*EVNF*00035*01	iec62196T2COMBO	mode4DC	550.0	200.0	110000.0	120000.0	-10000.0
VNF-00035	GLG	PT*GLG*EVNF*00035*02	iec62196T2COMBO	mode4DC	550.0	200.0	110000.0	120000.0	-10000.0
AMT-00007	MOO	PT*MOO*E*AMT*00007*1	iec62196T2COMBO	mode4DC	400.0	32.0	12800.0	22000.0	-9200.0
CBR-00090	ATL	PT*ATL*ECBR*00090*3	iec62196T2	mode4DC	400.0	32.0	12800.0	22000.0	-9200.0
ILH-00032	EDP	PT*EDP*E*ILH*00032*03	iec62196T2	mode4DC	400.0	32.0	12800.0	22000.0	-9200.0
ODV-00047	GLP	PT*GLP*EODV*00047*01	iec62196T2	mode4DC	400.0	32.0	12800.0	22000.0	-9200.0
PRT-00225	ATL	PT*ATL*EPRT*00225*3	iec62196T2	mode4DC	400.0	32.0	12800.0	22000.0	-9200.0
VNG-00199	GLP	PT*GLP*EVNG*00199*03	iec62196T2	mode4DC	400.0	32.0	12800.0	22000.0	-9200.0
MOBI-CTB-00004	MOO	PT*MOO*E*MOBI*CTB*00004*01	iec62196T2COMBO	mode4DC	400.0	40.0	16000.0	24000.0	-8000.0
GMR-00102	GEN	PT*GEN*E*GMR*00102*01	iec62196T2	mode2AC1p	240.0	60.0	14400.0	22000.0	-7600.0
GMR-00102	GEN	PT*GEN*E*GMR*00102*02	iec62196T2	mode2AC1p	240.0	60.0	14400.0	22000.0	-7600.0
CSC-00086	MLT	PT*MLT*ECSC*00086*01	iec62196T2	mode2AC1p	240.0	16.0	3800.0	11000.0	-7200.0
CSC-00086	MLT	PT*MLT*E*CSC*00086*1	iec62196T2	mode2AC1p	240.0	16.0	3800.0	11000.0	-7200.0
GMR-00074	GEN	PT*GEN*E*GMR*00074*01	iec62196T2	mode2AC1p	400.0	16.0	3800.0	11000.0	-7200.0
GMR-00074	GEN	PT*GEN*E*GMR*00074*02	iec62196T2	mode2AC1p	400.0	16.0	3800.0	11000.0	-7200.0
GMR-00076	GEN	PT*GEN*E*GMR*00076*01	iec62196T2	mode2AC1p	400.0	16.0	3800.0	11000.0	-7200.0
GMR-00076	GEN	PT*GEN*E*GMR*00076*02	iec62196T2	mode2AC1p	400.0	16.0	3800.0	11000.0	-7200.0
GMR-00078	GEN	PT*GEN*E*GMR*00078*01	iec62196T2	mode2AC1p	400.0	16.0	3800.0	11000.0	-7200.0
GMR-00078	GEN	PT*GEN*E*GMR*00078*02	iec62196T2	mode2AC1p	400.0	16.0	3800.0	11000.0	-7200.0
GMR-00079	GEN	PT*GEN*E*GMR*00079*01	iec62196T2	mode2AC1p	400.0	16.0	3800.0	11000.0	-7200.0
GMR-00079	GEN	PT*GEN*E*GMR*00079*02	iec62196T2	mode2AC1p	400.0	16.0	3800.0	11000.0	-7200.0
GMR-00080	GEN	PT*GEN*E*GMR*00080*01	iec62196T2	mode2AC1p	400.0	16.0	3800.0	11000.0	-7200.0
GMR-00080	GEN	PT*GEN*E*GMR*00080*02	iec62196T2	mode2AC1p	400.0	16.0	3800.0	11000.0	-7200.0
GMR-00081	GEN	PT*GEN*E*GMR*00081*01	iec62196T2	mode2AC1p	400.0	16.0	3800.0	11000.0	-7200.0
GMR-00081	GEN	PT*GEN*E*GMR*00081*02	iec62196T2	mode2AC1p	400.0	16.0	3800.0	11000.0	-7200.0
GMR-00083	GEN	PT*GEN*E*GMR*00083*01	iec62196T2	mode2AC1p	400.0	16.0	3800.0	11000.0	-7200.0
GMR-00083	GEN	PT*GEN*E*GMR*00083*02	iec62196T2	mode2AC1p	400.0	16.0	3800.0	11000.0	-7200.0
GMR-00084	GEN	PT*GEN*E*GMR*00084*01	iec62196T2	mode2AC1p	400.0	16.0	3800.0	11000.0	-7200.0
GMR-00084	GEN	PT*GEN*E*GMR*00084*02	iec62196T2	mode2AC1p	400.0	16.0	3800.0	11000.0	-7200.0
GMR-00085	GEN	PT*GEN*E*GMR*00085*01	iec62196T2	mode2AC1p	400.0	16.0	3800.0	11000.0	-7200.0
GMR-00085	GEN	PT*GEN*E*GMR*00085*02	iec62196T2	mode2AC1p	400.0	16.0	3800.0	11000.0	-7200.0
GMR-00086	GEN	PT*GEN*E*GMR*00086*01	iec62196T2	mode2AC1p	400.0	16.0	3800.0	11000.0	-7200.0
GMR-00086	GEN	PT*GEN*E*GMR*00086*02	iec62196T2	mode2AC1p	400.0	16.0	3800.0	11000.0	-7200.0
GMR-00091	GEN	PT*GEN*E*GMR*00091*01	iec62196T2	mode2AC1p	400.0	16.0	3800.0	11000.0	-7200.0
GMR-00091	GEN	PT*GEN*E*GMR*00091*02	iec62196T2	mode2AC1p	400.0	16.0	3800.0	11000.0	-7200.0
GMR-00099	GEN	PT*GEN*E*GMR*00099*01	iec62196T2	mode2AC1p	400.0	16.0	3800.0	11000.0	-7200.0
GMR-00099	GEN	PT*GEN*E*GMR*00099*02	iec62196T2	mode2AC1p	400.0	16.0	3800.0	11000.0	-7200.0
GRD-00025	HRZ	PT*HRZ*E*GRD*00025*1	iec62196T2	mode2AC1p	240.0	16.0	3800.0	11000.0	-7200.0
LLE-00142	EDP	PT*EDP*E*LLE*00142*01	iec62196T2	mode2AC1p	400.0	16.0	3800.0	11000.0	-7200.0
LLE-00142	EDP	PT*EDP*E*LLE*00142*02	iec62196T2	mode2AC1p	400.0	16.0	3800.0	11000.0	-7200.0
PLM-00029	EDP	PT*EDP*E*PLM*00029*01	iec62196T2	mode2AC1p	230.0	16.0	3800.0	11000.0	-7200.0
PLM-00029	EDP	PT*EDP*E*PLM*00029*02	iec62196T2	mode2AC1p	230.0	16.0	3800.0	11000.0	-7200.0
BRR-00118	TRK	PT*TRK*E*BRR*00118*01	iec62196T2	mode2AC1p	240.0	63.0	15100.0	22000.0	-6900.0
BRR-00118	TRK	PT*TRK*E*BRR*00118*02	iec62196T2	mode2AC1p	240.0	63.0	15100.0	22000.0	-6900.0
BRR-00120	TRK	PT*TRK*E*BRR*00120*01	iec62196T2	mode2AC1p	240.0	63.0	15100.0	22000.0	-6900.0
BRR-00120	TRK	PT*TRK*E*BRR*00120*02	iec62196T2	mode2AC1p	240.0	63.0	15100.0	22000.0	-6900.0
BRR-00121	TRK	PT*TRK*E*BRR*00121*01	iec62196T2	mode2AC1p	240.0	63.0	15100.0	22000.0	-6900.0
BRR-00121	TRK	PT*TRK*E*BRR*00121*02	iec62196T2	mode2AC1p	240.0	63.0	15100.0	22000.0	-6900.0
BRR-00122	TRK	PT*TRK*E*BRR*00122*01	iec62196T2	mode2AC1p	240.0	63.0	15100.0	22000.0	-6900.0
BRR-00122	TRK	PT*TRK*E*BRR*00122*02	iec62196T2	mode2AC1p	240.0	63.0	15100.0	22000.0	-6900.0
BRR-00123	TRK	PT*TRK*E*BRR*00123*01	iec62196T2	mode2AC1p	240.0	63.0	15100.0	22000.0	-6900.0
BRR-00123	TRK	PT*TRK*E*BRR*00123*02	iec62196T2	mode2AC1p	240.0	63.0	15100.0	22000.0	-6900.0
BRR-00124	TRK	PT*TRK*E*BRR*00124*01	iec62196T2	mode2AC1p	240.0	63.0	15100.0	22000.0	-6900.0
BRR-00124	TRK	PT*TRK*E*BRR*00124*02	iec62196T2	mode2AC1p	240.0	63.0	15100.0	22000.0	-6900.0
CMN-00009	TRK	PT*TRK*E*CMN*00009*01	iec62196T2	mode2AC1p	240.0	63.0	15100.0	22000.0	-6900.0
CMN-00009	TRK	PT*TRK*E*CMN*00009*02	iec62196T2	mode2AC1p	240.0	63.0	15100.0	22000.0	-6900.0
CMN-00010	TRK	PT*TRK*E*CMN*00010*01	iec62196T2	mode2AC1p	240.0	63.0	15100.0	22000.0	-6900.0
CMN-00010	TRK	PT*TRK*E*CMN*00010*02	iec62196T2	mode2AC1p	240.0	63.0	15100.0	22000.0	-6900.0
CMN-00011	TRK	PT*TRK*E*CMN*00011*01	iec62196T2	mode2AC1p	240.0	63.0	15100.0	22000.0	-6900.0
CMN-00011	TRK	PT*TRK*E*CMN*00011*02	iec62196T2	mode2AC1p	240.0	63.0	15100.0	22000.0	-6900.0
CMN-00012	TRK	PT*TRK*E*CMN*00012*01	iec62196T2	mode2AC1p	240.0	63.0	15100.0	22000.0	-6900.0
CMN-00012	TRK	PT*TRK*E*CMN*00012*02	iec62196T2	mode2AC1p	240.0	63.0	15100.0	22000.0	-6900.0
ETZ-00014	TRK	PT*TRK*E*ETZ*00014*01	iec62196T2	mode2AC1p	240.0	63.0	15100.0	22000.0	-6900.0
ETZ-00014	TRK	PT*TRK*E*ETZ*00014*02	iec62196T2	mode2AC1p	240.0	63.0	15100.0	22000.0	-6900.0
ETZ-00015	TRK	PT*TRK*E*ETZ*00015*01	iec62196T2	mode2AC1p	240.0	63.0	15100.0	22000.0	-6900.0
ETZ-00015	TRK	PT*TRK*E*ETZ*00015*02	iec62196T2	mode2AC1p	240.0	63.0	15100.0	22000.0	-6900.0
ETZ-00016	TRK	PT*TRK*E*ETZ*00016*01	iec62196T2	mode2AC1p	240.0	63.0	15100.0	22000.0	-6900.0
ETZ-00016	TRK	PT*TRK*E*ETZ*00016*02	iec62196T2	mode2AC1p	240.0	63.0	15100.0	22000.0	-6900.0
ETZ-00017	TRK	PT*TRK*E*ETZ*00017*01	iec62196T2	mode2AC1p	240.0	63.0	15100.0	22000.0	-6900.0
ETZ-00017	TRK	PT*TRK*E*ETZ*00017*02	iec62196T2	mode2AC1p	240.0	63.0	15100.0	22000.0	-6900.0
ETZ-00018	TRK	PT*TRK*E*ETZ*00018*01	iec62196T2	mode2AC1p	240.0	63.0	15100.0	22000.0	-6900.0
ETZ-00018	TRK	PT*TRK*E*ETZ*00018*02	iec62196T2	mode2AC1p	240.0	63.0	15100.0	22000.0	-6900.0
MIR-00004	TRK	PT*TRK*E*MIR*00004*01	iec62196T2	mode2AC1p	240.0	63.0	15100.0	22000.0	-6900.0
MIR-00004	TRK	PT*TRK*E*MIR*00004*02	iec62196T2	mode2AC1p	240.0	63.0	15100.0	22000.0	-6900.0
MIR-00005	TRK	PT*TRK*E*MIR*00005*01	iec62196T2	mode2AC1p	240.0	63.0	15100.0	22000.0	-6900.0
MIR-00005	TRK	PT*TRK*E*MIR*00005*02	iec62196T2	mode2AC1p	240.0	63.0	15100.0	22000.0	-6900.0
TMR-00011	TRK	PT*TRK*E*TMR*00011*01	iec62196T2	mode2AC1p	240.0	63.0	15100.0	22000.0	-6900.0
TMR-00011	TRK	PT*TRK*E*TMR*00011*02	iec62196T2	mode2AC1p	240.0	63.0	15100.0	22000.0	-6900.0
TMR-00012	TRK	PT*TRK*E*TMR*00012*01	iec62196T2	mode2AC1p	240.0	63.0	15100.0	22000.0	-6900.0
TMR-00012	TRK	PT*TRK*E*TMR*00012*02	iec62196T2	mode2AC1p	240.0	63.0	15100.0	22000.0	-6900.0
TMR-00013	TRK	PT*TRK*E*TMR*00013*01	iec62196T2	mode2AC1p	240.0	63.0	15100.0	22000.0	-6900.0
TMR-00013	TRK	PT*TRK*E*TMR*00013*02	iec62196T2	mode2AC1p	240.0	63.0	15100.0	22000.0	-6900.0
TMR-00014	TRK	PT*TRK*E*TMR*00014*01	iec62196T2	mode2AC1p	240.0	63.0	15100.0	22000.0	-6900.0
TMR-00014	TRK	PT*TRK*E*TMR*00014*02	iec62196T2	mode2AC1p	240.0	63.0	15100.0	22000.0	-6900.0
TMR-00015	TRK	PT*TRK*E*TMR*00015*01	iec62196T2	mode2AC1p	240.0	63.0	15100.0	22000.0	-6900.0
TMR-00015	TRK	PT*TRK*E*TMR*00015*02	iec62196T2	mode2AC1p	240.0	63.0	15100.0	22000.0	-6900.0
TMR-00021	TRK	PT*TRK*E*TMR*00021*01	iec62196T2	mode2AC1p	240.0	63.0	15100.0	22000.0	-6900.0
TMR-00021	TRK	PT*TRK*E*TMR*00021*02	iec62196T2	mode2AC1p	240.0	63.0	15100.0	22000.0	-6900.0
TMR-00022	TRK	PT*TRK*E*TMR*00022*01	iec62196T2	mode2AC1p	240.0	63.0	15100.0	22000.0	-6900.0
TMR-00022	TRK	PT*TRK*E*TMR*00022*02	iec62196T2	mode2AC1p	240.0	63.0	15100.0	22000.0	-6900.0
TMR-00024	TRK	PT*TRK*E*TMR*00024*01	iec62196T2	mode2AC1p	240.0	63.0	15100.0	22000.0	-6900.0
TMR-00024	TRK	PT*TRK*E*TMR*00024*02	iec62196T2	mode2AC1p	240.0	63.0	15100.0	22000.0	-6900.0
TMR-00025	TRK	PT*TRK*E*TMR*00025*01	iec62196T2	mode2AC1p	240.0	63.0	15100.0	22000.0	-6900.0
TMR-00025	TRK	PT*TRK*E*TMR*00025*02	iec62196T2	mode2AC1p	240.0	63.0	15100.0	22000.0	-6900.0
AMD-00110	GLP	PT*GLP*EAMD*00110*01	iec62196T2	mode4DC	500.0	32.0	16000.0	22000.0	-6000.0
CBR-00054	MOO	PT*MOO*E*CBR*00054*1	iec62196T2COMBO	mode4DC	500.0	32.0	16000.0	22000.0	-6000.0
CTB-00057	GLP	PT*GLP*ECTB*00057*01	iec62196T2	mode4DC	500.0	32.0	16000.0	22000.0	-6000.0
LRA-00059	MOO	PT*MOO*E*LRA*00059*1	iec62196T2COMBO	mode4DC	500.0	32.0	16000.0	22000.0	-6000.0
LSB-00609	GLP	PT*GLP*ELSB*00609*02	iec62196T2COMBO	mode4DC	950.0	120.0	114000.0	120000.0	-6000.0
OVR-00032	GLP	PT*GLP*EOVR*00032*01	iec62196T2	mode4DC	500.0	32.0	16000.0	22000.0	-6000.0
PTM-00025	MOO	PT*MOO*E*PTM*00025*1	iec62196T2COMBO	mode4DC	500.0	32.0	16000.0	22000.0	-6000.0
STC-00007	MOO	PT*MOO*E*STC*00007*1	iec62196T2COMBO	mode4DC	500.0	32.0	16000.0	22000.0	-6000.0
ALB-90002	GLP	PT*GLP*EALB*90002*01	iec62196T2	mode3AC3p	400.0	20.0	14400.0	20000.0	-5600.0
ALB-90002	GLP	PT*GLP*EALB*90002*02	iec62196T2	mode3AC3p	400.0	20.0	14400.0	20000.0	-5600.0
LSB-00678	HRZ	PT*HRZ*E*LSB*00678*01	iec62196T2	mode3AC3p	230.0	23.0	16600.0	22000.0	-5400.0
LSB-00678	HRZ	PT*HRZ*E*LSB*00678*02	iec62196T2	mode3AC3p	230.0	23.0	16600.0	22000.0	-5400.0
LSB-00679	HRZ	PT*HRZ*E*LSB*00679*01	iec62196T2	mode3AC3p	230.0	23.0	16600.0	22000.0	-5400.0
LSB-00679	HRZ	PT*HRZ*E*LSB*00679*02	iec62196T2	mode3AC3p	230.0	23.0	16600.0	22000.0	-5400.0
LSB-00680	HRZ	PT*HRZ*E*LSB*00680*01	iec62196T2	mode3AC3p	230.0	23.0	16600.0	22000.0	-5400.0
LSB-00680	HRZ	PT*HRZ*E*LSB*00680*02	iec62196T2	mode3AC3p	230.0	23.0	16600.0	22000.0	-5400.0
LSB-00681	HRZ	PT*HRZ*E*LSB*00681*01	iec62196T2	mode3AC3p	230.0	23.0	16600.0	22000.0	-5400.0
LSB-00681	HRZ	PT*HRZ*E*LSB*00681*02	iec62196T2	mode3AC3p	230.0	23.0	16600.0	22000.0	-5400.0
LRA-00046	MOO	PT*MOO*E*LRA*00046*01	iec62196T2COMBO	mode4DC	500.0	350.0	175000.0	180000.0	-5000.0
MTS-00045	ECI	PT*ECI*E*MTS*00045*02	iec62196T2COMBO	mode4DC	920.0	125.0	115000.0	120000.0	-5000.0
VIS-00104	ATL	PT*ATL*EVIS*00104*1	iec62196T2COMBO	mode4DC	400.0	200.0	80000.0	85000.0	-5000.0
VIS-00104	ATL	PT*ATL*EVIS*00104*2	iec62196T2COMBO	mode4DC	400.0	200.0	80000.0	85000.0	-5000.0
GMR-00114	EVC	PT*EVC*E*GMR*00114*01	iec62196T2COMBO	mode4DC	440.0	80.0	35200.0	40000.0	-4800.0
GMR-00114	EVC	PT*EVC*E*GMR*00114*02	chademo	mode4DC	440.0	80.0	35200.0	40000.0	-4800.0
SXL-00029	GLP	PT*GLP*ESXL*00029*02	iec62196T2COMBO	mode4DC	950.0	90.0	85500.0	90000.0	-4500.0
SXL-00030	GLP	PT*GLP*ESXL*00030*02	iec62196T2COMBO	mode4DC	950.0	90.0	85500.0	90000.0	-4500.0
VFX-00068	GLP	PT*GLP*EVFX*00068*02	iec62196T2COMBO	mode4DC	950.0	90.0	85500.0	90000.0	-4500.0
VFX-00069	GLP	PT*GLP*EVFX*00069*01	iec62196T2COMBO	mode4DC	950.0	90.0	85500.0	90000.0	-4500.0
VFX-00069	GLP	PT*GLP*EVFX*00069*02	iec62196T2COMBO	mode4DC	950.0	90.0	85500.0	90000.0	-4500.0
VFX-00071	GLP	PT*GLP*EVFX*00071*02	iec62196T2COMBO	mode4DC	950.0	90.0	85500.0	90000.0	-4500.0
VFX-00072	GLP	PT*GLP*EVFX*00072*02	iec62196T2COMBO	mode4DC	950.0	90.0	85500.0	90000.0	-4500.0
ABT-00023	HRZ	PT*HRZ*E*ABT*00023*01	chademo	mode4DC	450.0	125.0	56200.0	60000.0	-3800.0
ALM-00032	HRZ	PT*HRZ*E*ALM*00032*01	iec62196T2	mode2AC1p	240.0	16.0	3800.0	7400.0	-3600.0
ALM-00032	HRZ	PT*HRZ*E*ALM*00032*02	iec62196T2	mode2AC1p	240.0	16.0	3800.0	7400.0	-3600.0
BRG-00050	EVC	PT*EVC*E*BRG*00050*02	iec62196T2	mode2AC1p	240.0	16.0	3800.0	7400.0	-3600.0
BRG-00051	EVC	PT*EVC*E*BRG*00051*02	iec62196T2	mode2AC1p	240.0	16.0	3800.0	7400.0	-3600.0
LRS-80003	GLP	PT*GLP*ELRS*80003*01	iec62196T2	mode2AC1p	240.0	16.0	3800.0	7400.0	-3600.0
LRS-80003	GLP	PT*GLP*ELRS*80003*02	iec62196T2	mode2AC1p	240.0	16.0	3800.0	7400.0	-3600.0
LRS-80016	GLP	PT*GLP*ELRS*80016*01	iec62196T2	mode2AC1p	240.0	16.0	3800.0	7400.0	-3600.0
LRS-80016	GLP	PT*GLP*ELRS*80016*02	iec62196T2	mode2AC1p	240.0	16.0	3800.0	7400.0	-3600.0
LSB-00065	EDP	PT*EDP*E*LSB*00065*1	iec62196T2	mode2AC1p	240.0	16.0	3800.0	7400.0	-3600.0
LSB-00066	EDP	PT*EDP*E*LSB*00066*1	iec62196T2	mode2AC1p	240.0	16.0	3800.0	7400.0	-3600.0
LSB-00068	EDP	PT*EDP*E*LSB*00068*1	iec62196T2	mode2AC1p	240.0	16.0	3800.0	7400.0	-3600.0
LSB-00072	EDP	PT*EDP*E*LSB*00072*1	iec62196T2	mode2AC1p	240.0	16.0	3800.0	7400.0	-3600.0
LSB-80047	GLP	PT*GLP*ELSB*80047*01	iec62196T2	mode2AC1p	240.0	16.0	3800.0	7400.0	-3600.0
LSB-80047	GLP	PT*GLP*ELSB*80047*02	iec62196T2	mode2AC1p	240.0	16.0	3800.0	7400.0	-3600.0
LSB-80062	GLP	PT*GLP*ELSB*80062*01	iec62196T2	mode2AC1p	240.0	16.0	3800.0	7400.0	-3600.0
LSB-80062	GLP	PT*GLP*ELSB*80062*02	iec62196T2	mode2AC1p	240.0	16.0	3800.0	7400.0	-3600.0
LSB-80062	GLP	PT*GLP*E*LSB*80062*1	iec62196T2	mode2AC1p	240.0	16.0	3800.0	7400.0	-3600.0
LSB-80062	GLP	PT*GLP*E*LSB*80062*2	iec62196T2	mode2AC1p	240.0	16.0	3800.0	7400.0	-3600.0
LSB-80078	GLP	PT*GLP*ELSB*80078*01	iec62196T2	mode2AC1p	240.0	16.0	3800.0	7400.0	-3600.0
LSB-80078	GLP	PT*GLP*ELSB*80078*02	iec62196T2	mode2AC1p	240.0	16.0	3800.0	7400.0	-3600.0
LSB-80144	GLP	PT*GLP*ELSB*80144*01	iec62196T2	mode2AC1p	240.0	16.0	3800.0	7400.0	-3600.0
LSB-80144	GLP	PT*GLP*ELSB*80144*02	iec62196T2	mode2AC1p	240.0	16.0	3800.0	7400.0	-3600.0
MGR-00005	HRZ	PT*HRZ*E*MGR*00005*01	iec62196T2	mode2AC1p	240.0	16.0	3800.0	7400.0	-3600.0
MGR-00005	HRZ	PT*HRZ*E*MGR*00005*02	iec62196T2	mode2AC1p	240.0	16.0	3800.0	7400.0	-3600.0
MGR-00006	HRZ	PT*HRZ*E*MGR*00006*01	iec62196T2	mode2AC1p	240.0	16.0	3800.0	7400.0	-3600.0
MGR-00006	HRZ	PT*HRZ*E*MGR*00006*02	iec62196T2	mode2AC1p	240.0	16.0	3800.0	7400.0	-3600.0
PDL-00005	SEG	PT*SEG*E*PDL*00005*01	iec62196T2	mode2AC1p	240.0	16.0	3800.0	7400.0	-3600.0
PDL-00005	SEG	PT*SEG*E*PDL*00005*02	iec62196T2	mode2AC1p	240.0	16.0	3800.0	7400.0	-3600.0
PFR-00005	GLP	PT*GLP*EPFR*00005*01	iec62196T2	mode2AC1p	240.0	16.0	3800.0	7400.0	-3600.0
PFR-00005	GLP	PT*GLP*EPFR*00005*02	iec62196T2	mode2AC1p	240.0	16.0	3800.0	7400.0	-3600.0
PRT-00145	HRZ	PT*HRZ*E*PRT*00145*01	iec62196T2	mode2AC1p	240.0	16.0	3800.0	7400.0	-3600.0
PRT-00145	HRZ	PT*HRZ*E*PRT*00145*02	iec62196T2	mode2AC1p	240.0	16.0	3800.0	7400.0	-3600.0
STB-00030	HRZ	PT*HRZ*E*STB*00030*01	iec62196T2	mode2AC1p	240.0	16.0	3800.0	7400.0	-3600.0
STB-00030	HRZ	PT*HRZ*E*STB*00030*02	iec62196T2	mode2AC1p	240.0	16.0	3800.0	7400.0	-3600.0
VNG-00074	HRZ	PT*HRZ*E*VNG*00074*01	iec62196T2	mode2AC1p	240.0	16.0	3800.0	7400.0	-3600.0
VNG-00074	HRZ	PT*HRZ*E*VNG*00074*02	iec62196T2	mode2AC1p	240.0	16.0	3800.0	7400.0	-3600.0
ALR-00004	EDP	PT*EDP*E*ALR*00004*01	iec62196T2	mode2AC1p	230.0	32.0	7700.0	11000.0	-3300.0
ALR-00004	EDP	PT*EDP*E*ALR*00004*02	iec62196T2	mode2AC1p	230.0	32.0	7700.0	11000.0	-3300.0
LRA-00114	EDP	PT*EDP*E*LRA*00114*01	iec62196T2	mode2AC1p	230.0	32.0	7700.0	11000.0	-3300.0
LRA-00114	EDP	PT*EDP*E*LRA*00114*02	iec62196T2	mode2AC1p	230.0	32.0	7700.0	11000.0	-3300.0
MOBI-LSB-01051	GLP	PT*GLP*EMOBI*LSB*01051*01	iec62196T2	mode2AC1p	400.0	32.0	7700.0	11000.0	-3300.0
